ID,BlendProperty1,BlendProperty2,BlendProperty3,BlendProperty4,BlendProperty5,BlendProperty6,BlendProperty7,BlendProperty8,BlendProperty9,BlendProperty10
1,0.14247796,0.271472,0.79467106,0.6943592,0.355159,0.79052424,0.76742417,0.2708586,-0.36533034,0.31880048
2,-0.6813944,-0.78297406,-1.182503,0.024786,-0.72879404,-0.16185579,-1.1778697,-1.1032386,-0.90533495,-0.025329888
3,1.8201786,1.1815218,1.1364168,1.1180118,2.5301335,1.8313869,1.0776647,2.0209515,0.7452957,2.195128
4,-0.46862167,0.048019513,0.8240309,-0.6677182,1.8986166,-0.44839582,0.7839319,1.6462342,0.7188213,-0.90220964
5,0.112105764,-1.020922,1.0275158,0.5247904,2.5788033,0.29335266,1.0405602,0.005895031,-0.4282394,1.1582274
6,-1.4970484,-1.6808403,0.41271296,-1.49309,0.008387932,-1.6554095,0.40033185,0.144001,-0.8675212,0.08001971
7,1.0926155,0.58407766,-0.09344121,-0.03789701,-0.10645084,0.527003,-0.12795107,0.24807568,1.2517642,0.25150344
8,2.282195,1.2822648,0.8540032,1.4714267,-1.5137,1.4717726,0.81079143,0.7480832,1.7362487,0.53566515
9,1.390775,1.0669675,1.2920699,1.8095372,-0.5504392,1.1344815,1.2340117,0.2912935,1.1319305,1.0776528
10,-0.97253156,-0.81532395,-2.4427893,-0.5497945,-1.200213,-0.6289299,-2.426783,0.5417977,-0.65371525,-1.1749222
11,-0.05570709,0.48233443,0.8628028,0.48172867,1.6812009,-0.3914001,0.8181369,-0.02079523,-0.863289,1.0632478
12,1.7362269,1.0132473,0.82101524,-0.26601812,1.1350534,0.5987761,0.79364234,1.2923121,-0.20806234,1.0861835
13,0.5375164,-0.36105835,0.81537277,0.11107497,-1.3729734,2.486869,0.7832052,0.7233091,1.4064173,1.7669348
14,-0.10247044,0.9165446,0.5805538,-0.9307641,2.7978673,-0.42648974,0.5595249,0.12553799,-1.097386,-0.20618962
15,0.4767043,2.0455534,0.6104553,1.5511266,-0.20757127,0.2692851,0.570302,1.0101422,0.6082991,-0.48549998
16,-0.06829152,-0.7554446,1.1015501,-0.7945244,0.5694785,-1.2789782,1.0862281,-0.090256445,-1.7686774,0.031292204
17,-1.4630264,-1.502945,-0.1435416,-1.6072268,-0.7941087,-0.021561656,-0.15808012,-0.9158569,-0.3500167,-1.5220307
18,-0.22173047,-0.5414055,0.28574368,-0.7170884,-0.046569448,-0.18471998,0.27499133,0.87837344,-0.2003023,-0.99212635
19,0.16167675,-0.3694332,0.8668732,-0.79804575,1.6886836,-0.9530109,0.8234115,1.6276165,-1.4139143,1.6420097
20,-0.6468108,-1.7584461,0.46185127,-1.491781,-0.7764619,-0.81833756,0.45395792,-0.03269267,-1.1796385,-1.9277756
21,0.04172391,-2.1953828,0.3179817,-0.9363609,1.7609409,-2.0227222,0.301684,0.87828386,-0.7877865,0.6194262
22,0.5443874,1.0831475,0.021154974,1.638691,1.3306991,1.8049871,0.029232718,0.80818725,0.5857977,1.6336333
23,0.83670485,1.5909379,1.0048026,0.8419158,1.5351554,0.32719806,1.003488,0.9093069,0.10221469,1.4025735
24,0.23946248,0.62998086,0.5439457,0.4121962,-0.99765635,0.289932,0.5355332,-0.78112596,-0.08822298,-0.0027043168
25,-1.4242879,-1.0031784,-0.14169906,-0.56176007,-0.5566985,-0.44319823,-0.12809971,-1.1553055,-0.29969916,0.0114897685
26,-0.54233944,-0.65257424,0.21553634,-1.0994853,-0.312356,0.2542454,0.18203008,-1.2671925,-0.029382363,-1.641377
27,0.8411845,0.25191912,-0.4594899,1.5479836,-1.3538026,0.39911875,-0.45769522,0.5338404,0.43755674,-1.1214848
28,0.24297024,-0.2956102,-0.5747984,-0.630466,-1.1595007,-0.35879192,-0.55838954,-1.0295136,0.7645305,0.68115455
29,-0.9738215,-1.6231952,-0.3953814,-0.61114496,-0.43989155,-0.8091225,-0.37053916,-0.9976232,-0.3821116,0.23866563
30,-0.19294019,0.14972323,-0.68084615,-0.8324328,-1.7264577,0.22996393,-0.66445243,-0.89874846,-0.08857388,-1.7448273
31,-1.180543,-0.40224352,0.16218321,-0.5163321,1.073472,-0.9260697,0.14484021,0.0021425541,-1.5931112,0.402864
32,-1.3081423,-0.3113738,-0.49715272,-1.0199357,0.38252354,-1.4476733,-0.45954368,-0.23822808,-0.5855288,0.28577727
33,0.7158789,0.58419883,-0.3957753,0.4790046,0.14353572,-0.5808595,-0.40531412,0.11676816,0.51080704,-0.17720693
34,0.61961716,0.9143004,0.08997478,0.0040517934,-0.9752957,0.118091635,0.084963225,1.3200238,-0.02538789,-0.57574487
35,-0.74090374,-1.4293947,-0.38149247,-0.9428015,0.116667464,-0.43309954,-0.34856182,-1.2479494,-2.3084714,0.112547204
36,1.7716107,0.43595484,0.4976565,0.69254464,0.808652,0.60355735,0.4765653,1.318489,-0.37353358,0.39698696
37,0.11675457,-0.30406293,-0.5732045,-0.05114902,-1.2751408,0.38044223,-0.54399,-0.33298126,1.7314522,-0.29686558
38,0.411762,0.78333735,0.49830824,1.4844266,0.31254357,0.6701437,0.4755651,-0.016067434,1.2412797,-0.6046814
39,-2.0548627,-1.5119733,0.10601529,-1.439622,0.24290247,-0.20401403,0.10337522,-1.6801585,-0.97031975,-0.020636654
40,0.16364229,0.7860642,0.47467002,-1.3272696,-0.22567813,0.30417627,0.46685612,-0.38549706,0.94845,-0.45589602
41,2.021973,1.2675006,1.3889079,1.441164,2.1340544,2.2701144,1.399405,1.1003416,1.5076776,1.9384714
42,2.1317894,0.7064428,1.1955839,0.8158436,-1.2090824,0.7228951,1.1492344,1.0286716,1.6408362,2.135755
43,-1.7364402,-0.3132371,-0.819262,-1.3808234,-0.50628614,-0.3924758,-0.7888708,-1.9792126,-0.82666093,-1.4912604
44,1.1978381,0.5037703,0.19280887,0.7156632,-0.3372784,0.5116572,0.17515953,1.879288,0.3080389,0.17744903
45,-0.61343265,-0.68732196,-0.09035236,-1.5586901,1.7911676,-1.38344,-0.1103416,-0.19525534,-1.0431969,0.57608616
46,0.6269198,1.0391831,0.72988915,0.612758,0.737763,0.7740621,0.6879261,0.56401503,0.8389515,-0.8534477
47,-1.4692862,-1.9535841,-0.82905704,-1.2238605,-0.069963954,-2.0781367,-0.8066528,-1.2478193,-2.2745395,-0.3588747
48,-0.15912117,0.22748262,-0.24172287,0.13426934,-0.43996495,-0.5682451,-0.24451652,0.17807832,0.8472188,-0.49019197
49,-0.32480463,-1.0316249,0.38681614,-0.03049984,-0.91105324,-0.6178364,0.38370627,-0.28866473,-1.4614693,-0.09187028
50,-1.89785,-1.523474,-2.297808,-0.7386653,-0.56374884,-1.4986979,-2.2496684,-2.0227976,-2.1691556,-1.8780687
51,2.4298518,0.90018106,1.6472137,0.5188054,2.4889607,-0.9572356,2.0705075,-0.5422969,-0.67871875,1.9253116
52,-0.13549837,1.0495192,1.5028319,-0.3897417,1.0329719,1.199042,1.7404962,0.31750157,0.9577075,-0.8425576
53,-0.019799976,-0.07329936,-0.3942777,-1.1357014,0.02019872,-0.7111183,-0.3819338,0.53135365,0.30766886,0.3283632
54,1.5738184,0.49810308,0.06677261,0.50075245,0.70478696,-0.37596565,0.052234057,0.68884856,-1.0788469,2.233302
55,0.9180902,0.58846575,0.5818857,0.2927562,-0.10210182,1.4029293,0.56498545,0.07823292,0.953116,-0.39620018
56,0.75515634,0.05958146,0.5640889,0.06652002,-0.10178249,0.54290533,0.531609,1.0511447,0.18270908,-1.1261157
57,-0.04811055,0.28126633,0.2899465,0.21303692,-0.20396788,1.1424478,0.28735927,0.32567534,0.58300245,0.74738485
58,-1.6892853,-0.92237175,0.4395634,-0.17893608,1.2333615,-0.94704247,0.41887844,-0.41311964,-2.104741,0.17495763
59,-0.4645953,0.107085176,0.20169574,0.6722206,-1.3750165,-0.5764426,0.1636624,-0.42146754,0.350854,-2.085106
60,-1.0684859,-1.6759374,0.23058063,-1.5726439,1.825743,-1.1664389,0.17775568,-0.8687295,-1.2205286,0.6723725
61,-0.5002506,-0.1304701,-2.055581,-1.1207854,0.045762062,-0.8862332,-2.0440845,-0.51607335,-0.47518763,-1.1668638
62,-0.018987956,-1.3917956,0.11988674,-0.67145073,-0.9611463,0.9412386,0.100305416,-1.0529512,1.0696815,-0.78672945
63,1.5283239,0.50462234,0.55676055,1.8240137,-0.23455657,1.284719,0.51296663,0.8384419,1.3855423,1.1677147
64,-0.2318214,-0.43537033,0.67490864,-0.6053937,1.0174528,-1.5981264,0.65815496,-0.35077366,-1.1890047,-0.28565556
65,-0.41275144,-1.0247372,1.0653677,-1.742323,0.20367706,1.4624296,1.0483797,0.8078481,1.0727701,-1.1228092
66,0.550144,-0.3926919,-0.2776783,-0.8484741,0.8356527,-0.0046646027,-0.29399744,-0.7134633,0.6222452,-0.19371212
67,1.1798882,1.7573923,1.2710325,0.53796864,-0.13848177,1.4006941,1.2523711,1.5934081,0.9703592,0.8409169
68,-0.8802952,-1.0687351,-0.8024387,0.77057916,-1.0498899,-0.8889175,-0.79861224,0.3613002,-0.9279986,-0.6887677
69,1.5336387,1.8047177,0.82635653,1.0726523,-0.45829248,-0.11137274,0.8019134,1.1798654,-0.014895274,1.811873
70,0.047838144,-0.19954875,0.3659309,-0.25518543,-0.28832108,-0.8615459,0.35234237,-0.36505044,0.3962343,0.650272
71,-0.2454,-0.05737211,0.004673429,-0.396422,-0.8033099,-0.6264975,0.002185248,-0.05885341,-0.5152222,0.6670069
72,0.43813568,-0.56928045,0.035632093,0.56522626,0.29177335,1.3219155,0.024724869,0.3095771,0.4330077,-0.96195745
73,0.4086979,0.81410104,1.6465963,-0.49611777,3.4737144,1.7433423,1.9854398,0.5240331,0.1118906,1.549084
74,1.7079604,1.0090383,1.251862,1.1806391,1.5618916,0.05109724,1.2286183,1.0072198,0.5106366,2.2090616
75,1.259176,0.5093548,0.09443471,0.8673003,-0.5501505,0.3041251,0.060093984,0.6222722,0.77196205,0.3951113
76,-1.0197371,-0.48768967,-0.46519992,-0.50021166,-0.28570816,0.2466101,-0.47895998,-0.5834498,-0.41087326,-1.2794104
77,-0.50485474,0.21706186,0.83832145,-0.87348384,-1.1345634,-0.29809734,0.77441746,-0.50321645,-0.5028796,-1.0114936
78,0.8796697,0.9701909,0.9470344,0.38351133,1.0160143,2.1575804,0.8998747,1.7390113,0.78045654,-0.34864524
79,1.034967,0.95811826,0.39729074,0.8841566,-0.6410888,0.3842776,0.38369262,0.8252383,1.0011421,0.056571193
80,0.7971275,0.6133633,-0.8220022,0.7590611,-0.71127486,0.5402536,-0.8425386,-0.2571067,2.049267,0.6004868
81,-0.027856868,0.8527422,1.157259,0.24615273,-0.4555786,-0.5360021,1.1118693,1.4568785,-0.063727394,1.2915882
82,1.6619353,1.2123865,0.96882355,-0.30850834,0.33831933,1.4113153,0.94912905,0.09349343,0.65496826,-0.39626628
83,-0.77749896,-0.4316754,0.5291753,-0.7390415,-0.73242056,-0.23930217,0.52139014,-0.119553864,-0.37870437,0.21488406
84,1.1641724,0.45505676,1.1771991,0.75127864,-0.47874346,1.4523221,1.1848676,1.5633817,-0.3196502,0.53660184
85,-0.3838689,-0.43055445,-1.4506019,-1.1407417,0.06720839,-2.0619411,-1.4370817,-1.311829,-0.9747637,-0.3709418
86,0.44073674,-0.7869171,0.75108683,-0.37607104,1.1632411,0.08560429,0.76657194,0.39167625,-2.3684905,0.5881889
87,-0.9745809,-0.9736275,0.8441008,-1.2110635,0.013631349,0.64741486,0.8187825,-0.88034207,-0.68397486,-1.6245043
88,-1.2903429,-0.047778115,0.254303,-0.49580228,-1.1162622,-0.7646712,0.24312901,-0.024299994,-0.8073838,-0.61665523
89,-0.26833424,-0.4640258,0.2822117,-0.5259776,-0.47519103,-0.66000324,0.2801924,-1.0765051,-0.67581415,-0.570696
90,0.34804097,-0.9127083,0.7959989,-0.72496426,2.0111985,-0.7348443,0.7726776,0.29970416,-1.4626646,0.7670093
91,-0.56333625,-0.96677387,-0.2456289,-0.75279677,-0.8866533,0.13362736,-0.2659467,-0.24282815,0.97676164,-1.4084929
92,-1.3936764,-0.36042196,0.3359597,-0.8099592,-0.48901692,-0.8403397,0.32597718,-1.50556,-1.5820822,-0.7071994
93,0.42308694,-0.9480697,1.6189108,0.69208694,0.6118743,0.2109349,1.6827954,0.6917999,0.11742711,0.7880311
94,1.8079962,0.7492649,0.60723454,0.7413901,-1.0246174,0.5643546,0.58583677,0.6432418,1.071993,2.2466357
95,1.0985757,0.66665125,-0.1639453,0.67657477,-0.25989565,1.403772,-0.21705456,0.8354716,2.3525665,-0.8718773
96,-1.7227637,-1.2049783,-0.08788673,-1.6839865,0.80774534,-2.0048716,-0.07641701,-0.375011,-1.6528809,-0.06702766
97,0.45198712,-0.14222655,-0.08600169,0.200861,-0.17225794,-0.08349224,-0.09683784,-0.22375631,0.25277492,-0.82843304
98,-0.8231896,-0.29946434,0.20388292,-0.9172053,-0.9726213,-1.4438487,0.22575296,-0.38773012,-0.06850282,0.07319769
99,-0.39067325,0.021260943,-1.5740024,-0.23741177,-0.04479977,-1.3924702,-1.5489218,-0.7014,0.029404365,-0.68129957
100,-0.5019469,-0.47771886,-0.16096862,0.4082415,0.6294009,-0.2484012,-0.17461343,-0.2172237,-0.5835316,-0.49068978
101,-1.4015815,-1.5491014,-1.91003,-0.9804912,0.51498425,-0.88560414,-1.8800234,-1.9811475,-1.3670918,-0.53424
102,-0.8150377,-0.9644401,-0.50135213,-0.59283084,-0.82608265,-0.051903162,-0.50425446,-0.5236388,-0.01024036,0.02260031
103,-2.2020574,-1.7552224,-1.1227437,-1.2534888,-0.88681394,-1.3694309,-1.0923233,-1.4256921,-1.17816,-1.4943643
104,-1.1668591,-1.2255607,0.892251,-0.22468783,0.87478167,-0.21477519,0.8535637,-1.1237675,-0.230662,0.09382757
105,0.6223704,0.404978,1.1069108,0.7547381,0.13416441,0.19317517,1.0668077,0.8898227,-1.0889037,0.35279107
106,0.90583223,1.1314685,-1.9496908,0.51271695,-1.5214067,0.64347863,-1.9318833,-0.69261354,2.2853196,-0.703575
107,-0.65108824,-0.9867925,-0.12756191,0.39900038,0.35114634,-0.44755375,-0.14966303,-0.069489606,-0.72342277,-1.4016572
108,-0.8081695,0.022200795,-0.1715,-0.80635214,-0.8056914,0.22916391,-0.17752294,-0.48952824,-1.0173616,0.05961144
109,0.37407112,0.53485006,0.76875293,0.17526026,0.64169514,-0.43734583,0.74100846,0.21134189,-1.0998706,0.93852204
110,0.9277557,0.46520093,-0.77413553,0.97024274,-0.4372194,0.66537243,-0.79050106,-0.71492976,1.1034869,-0.45250005
111,0.19569336,-0.20618188,1.5550041,0.5956461,1.2075607,-0.36597478,1.5476317,0.79778045,0.054185558,1.3044363
112,1.0949036,0.57116926,0.45466828,-0.09799586,-0.26944327,0.34812722,0.43430048,0.77964294,0.897871,1.3129109
113,0.11046407,-0.1665502,-0.31702346,0.4932257,0.1921868,-0.4344651,-0.32297787,-0.16959463,-0.10176277,-0.47553417
114,-0.21839568,-0.8322708,-0.8954201,-0.639727,-0.81839806,-0.19701417,-0.8688032,-1.7861863,-0.14594656,0.027784474
115,1.2213714,0.3962606,-1.4956003,0.87397957,-0.35908172,1.5021174,-1.4815584,0.03266595,0.8349764,-0.2649597
116,-0.37320036,-0.124339245,-0.5948022,-0.34823102,0.3765666,-1.2672429,-0.57742745,-0.26675427,0.29358435,-0.98125017
117,-0.15938786,-0.43387023,-1.7228396,-0.79582477,-0.79802245,0.04926592,-1.7121052,-0.515537,-0.17213283,-0.6437455
118,-0.034386776,-0.29874146,0.6805677,-0.6589129,2.6795518,0.8690591,0.6407212,-0.44416678,0.53834736,-0.55415803
119,-0.55915797,-1.0405741,-2.1963782,-0.16731405,-1.6871117,0.30384466,-2.1794355,-0.7293897,0.90153724,-1.6938285
120,0.88438517,0.3354219,0.41190138,1.1661584,0.29021925,0.58971846,0.4003045,0.43928742,0.08939541,0.8406636
121,0.12313968,-0.03379933,0.06762157,0.31459928,-1.1172843,1.4238235,0.03929786,0.5022697,0.83248466,0.12210418
122,-0.56788343,-1.0025609,0.5643379,-1.040293,-0.12792979,-1.2507821,0.51123834,-0.6821447,-0.36424622,0.87575716
123,-0.09311959,-0.4143084,0.037193947,0.5548193,-0.2456338,0.7863801,0.01671141,0.17522845,0.28594515,-1.4035448
124,-0.5102018,-0.8328713,-1.4141004,-1.1118681,0.11773858,-1.2217822,-1.3928885,-0.78711605,-0.85163736,-0.97633064
125,-2.0306315,-1.8076408,-2.274103,-2.0268247,-0.17900375,-1.9273369,-2.2291265,-1.6510904,-0.847163,-0.5161981
126,1.2935494,1.1574894,0.090912394,-0.38184926,0.4021536,0.95187676,0.078974545,0.4799002,0.5228572,0.34741312
127,-1.6393095,-1.3216575,0.7878564,-0.31092453,2.3282201,-1.5013334,0.7812899,0.24635032,-1.3171052,0.15675867
128,0.53623986,0.5166906,-1.0889752,0.8753605,-1.2840381,-0.7948635,-1.10999,-0.46880174,1.3774883,-0.88809204
129,-0.21049619,-0.6770654,-0.15637985,-0.6887629,1.8577346,0.42194545,-0.16176258,-0.363614,-0.9969832,0.25051028
130,1.3331658,1.5822499,1.5499299,2.504969,1.4112538,1.8442829,1.5931984,1.254198,0.45135427,0.48766974
131,2.4407606,1.5786815,0.8961758,1.9360284,2.9725902,1.8571666,0.8464965,2.4165206,1.0840905,0.32278994
132,1.4582587,1.5224452,0.72731835,2.272376,-0.8823016,1.1733845,0.6886864,1.9745547,1.7258546,0.21018195
133,0.20649356,1.180013,-1.3405154,1.6389322,-0.540424,0.4434371,-1.3263518,-0.74123424,0.4273172,-1.5161697
134,-0.9430223,-1.9793559,-0.041804314,-0.9001519,1.6873163,-0.7456029,-0.06174383,-0.44972432,0.16377044,0.39858457
135,-0.6669345,-0.15225832,-1.6626748,0.27203286,-1.2818918,0.9722844,-1.6563817,0.38991517,0.5117559,-0.25356123
136,0.56646794,-0.42183277,-0.27024823,-0.077346474,0.86391115,0.42791063,-0.28901875,-0.07712218,0.7692625,0.5463746
137,-0.066849865,-0.4456958,0.19344445,-0.9950421,0.71287775,-0.27766857,0.1924275,-0.26572555,-1.5587782,0.81666625
138,1.7599639,0.24591304,0.5633619,1.6758265,0.19304423,0.42942238,0.5488037,0.06524313,0.8085187,1.5551639
139,-0.0582625,-0.641791,0.2360316,0.24921185,1.8833236,-1.2508358,0.22521749,-0.26636493,-1.4704561,-0.4784382
140,-1.1877074,-0.40724957,0.98823124,-0.93163496,-0.09325768,0.5952465,0.97633255,0.9050921,0.3500311,-0.20561275
141,0.27999526,0.41481522,-1.120569,-0.018706918,-0.34109843,-0.8757471,-1.1196486,-0.6358396,-0.6552161,-1.4450809
142,-1.1705842,-0.72167987,-1.9167776,-0.83541745,-0.9261929,-0.33134723,-1.8872528,-0.06036736,0.5293397,-0.88815564
143,1.0554926,1.029358,0.7616931,0.9480326,-0.93787766,0.22372851,0.7362086,1.0151404,0.7680715,1.2041019
144,-0.08900576,-0.3619428,-0.18797456,-0.09637851,0.48912153,0.31196,-0.1789087,0.9159678,-0.45181155,-0.5028851
145,0.86115193,1.2689162,0.868558,0.5912229,0.04212105,1.052209,0.8231942,0.7063074,1.6675634,2.2932358
146,0.05312009,0.9843663,-0.0019554654,0.35581976,-0.59881324,1.9146409,-0.044191144,0.32855767,0.37768143,-0.42661086
147,0.19540866,0.33119616,0.011908449,-0.51584715,-0.37778312,0.13084157,-0.010144874,-1.1273273,-0.0029845177,0.1553149
148,1.3373162,1.2408715,-0.21525736,1.4291273,-0.10184103,1.2964432,-0.2398623,1.4072009,0.8232227,0.4483374
149,-1.6587863,-1.3391316,-1.6607286,-1.3225162,0.039871458,-2.1170275,-1.6291678,-1.8689532,-0.13463965,-0.23700772
150,1.6274067,1.4454831,-0.20414641,-0.101078056,-0.48926553,1.0846738,-0.22949179,0.19862808,1.1332495,-0.46180502
151,-1.1581357,-0.5215657,0.20488432,-1.2242026,0.5921117,-1.4406404,0.18587688,-1.1821874,-0.66508526,0.37876067
152,-0.98931795,0.1391437,-0.083709285,-0.7389902,-0.21714255,0.05861324,-0.09253454,-0.7559482,-1.4910994,-1.0544356
153,-0.016291434,0.3754425,-0.810002,-0.65549344,-0.4567525,-0.068051875,-0.7941268,-0.8868185,-0.77021074,0.85019076
154,1.8782191,0.7165815,0.69170725,1.1341585,-0.31546625,1.5895416,0.6461694,1.8047739,2.2671888,0.5388311
155,1.1068482,0.41264084,0.69946736,0.39154217,-0.8226042,0.36044738,0.6859881,1.5462426,0.36823285,0.6583233
156,1.053162,0.5099054,-0.46974027,0.84597015,-1.329123,0.09596608,-0.48155874,0.47751746,1.7357175,0.76558334
157,0.23729081,0.020680644,0.09473323,0.27132902,0.47672707,-0.70459104,0.0822328,0.5893799,0.3194586,1.200705
158,-0.70035607,-0.47181258,-0.06121089,-0.22622505,-0.0030809029,-0.4191287,-0.0783076,-0.42797223,0.69610804,0.0077907317
159,-0.14038245,-0.64918554,-0.48816943,-0.2621827,0.7778983,0.30298153,-0.48398793,0.54572874,0.092478305,-0.50517654
160,1.6364555,0.1165383,0.4345731,-0.3875642,-1.3592345,0.2945745,0.40315112,-0.515565,-0.98710376,-0.5651803
161,0.48188308,-0.16907893,-1.6719598,0.094117165,-0.41442385,-0.14695399,-1.6408674,-0.7761938,1.2066312,-1.4568033
162,0.96961564,2.0342984,0.5577932,0.7230163,-0.45361874,1.188809,0.5285664,1.1252615,1.4016323,1.9915469
163,-0.56266564,-0.9539185,0.15913554,0.13333692,1.855244,-1.462227,0.15662028,0.7039505,-1.8644421,0.5933604
164,0.6427989,-0.22828817,-1.412136,1.0111357,-0.2407124,-0.5918881,-1.4367759,0.6576518,-0.15123838,-1.3344897
165,-0.79132706,-1.104273,-1.1082109,-0.47285903,-0.39317805,-0.06651106,-1.1508766,-1.0758045,-0.8772378,-1.4699142
166,-1.2705046,-1.4726523,-0.35142383,-1.3899217,0.11709453,-0.48987925,-0.3473296,-0.30333498,-0.509486,-1.7233107
167,-0.3194078,-0.4087784,1.6312878,0.0064847027,2.4116828,-0.7599007,1.8995548,0.15468308,-1.6276481,0.18976082
168,0.04293162,-0.35802236,0.20214342,-1.000393,-0.09697495,0.48257533,0.25015476,-0.63031447,-0.41989034,-0.031538863
169,0.21998763,0.010798117,-2.604741,0.11729379,-0.69483256,-0.07545546,-2.5801334,-0.49952412,-0.08531548,-1.6617434
170,-0.28449705,1.2475499,0.7463392,0.8750678,-0.48240507,-0.19495107,0.71841305,0.60268563,-0.23614037,-0.53391445
171,-0.3162244,-0.3591349,-0.30471304,-0.0015433605,-0.6857344,1.1430207,-0.3104113,0.066714965,0.2193937,-0.7444382
172,-0.09474066,-0.38617682,-0.27198118,0.35261023,-0.16164592,0.3152153,-0.30943495,-1.0920761,-1.0503457,-1.647384
173,-1.0928408,-0.6218142,0.6351677,-0.5841121,1.430976,-1.1205226,0.61251247,0.61998034,-0.83783835,-0.32931957
174,-0.69802165,0.6704786,1.5115409,1.0211905,2.4114559,0.21304293,1.5041838,-0.7500822,-1.3174102,0.87257224
175,-0.40520054,-0.7375713,1.0225378,0.31019264,-0.6529044,0.14877838,1.0133301,0.1789279,0.44800004,0.5920437
176,0.9320793,1.5854495,1.4540993,1.2119721,2.5872777,1.1510862,1.4701369,1.5748945,1.0414344,2.0833893
177,0.24272357,0.45476094,-0.09095188,0.3787407,-0.3937058,-1.5597976,-0.051952314,0.25342205,-0.49424514,1.3117294
178,1.1481045,-0.07910141,0.620864,0.9486961,-0.536376,1.1932802,0.60204214,1.3239657,1.4354812,0.7775063
179,-0.77068245,-0.9306259,0.86159843,-0.934177,0.5200027,-1.3835458,0.84919447,-0.5903812,-0.6598429,-0.1722836
180,0.11137009,0.41342714,0.26027367,0.59030807,-0.17431927,-0.6938187,0.2439544,0.16000763,-0.6125663,1.5303122
181,0.5431632,0.7715971,1.530726,1.3150584,1.5738488,1.0668206,1.5601472,1.2272809,0.5658046,-0.4026754
182,0.1569758,0.31589404,-1.2537662,-0.1838642,-0.11729564,-0.3411994,-1.2135735,0.21988405,0.052134674,0.19600669
183,0.6562991,0.9381237,1.0611242,0.91288644,-0.3889898,1.2733189,1.0330297,1.3349307,0.33046484,1.6950538
184,-0.9637159,-0.035789184,1.5980668,0.5869894,2.8956165,-0.631223,1.760201,1.5442563,0.30114597,0.31974202
185,1.8152843,1.2790557,-0.051146436,0.8141282,-1.0109581,0.16930643,-0.06570058,0.11529212,-0.01006531,1.890612
186,-0.2357869,-0.52351165,0.10832654,-0.634366,0.104090385,0.54866004,0.11816614,0.40890425,0.29557908,-0.1970534
187,0.8211797,0.35907888,1.4447356,1.1972529,0.00085238897,0.586323,1.3679663,1.5746154,0.03426256,1.1461232
188,-0.9050326,-0.15268867,-1.6125474,-1.2668215,-0.3998667,-1.3660554,-1.608429,-1.3645091,0.001051083,-1.4578772
189,-1.3540312,-1.4871429,-0.21148059,-1.5392082,-0.46564785,-1.4333986,-0.19855323,-1.3992616,-1.1061836,-0.58145463
190,-1.4245298,-1.3924952,-2.0760574,-0.5612274,0.21479082,-1.2465597,-2.0482814,-1.8290881,-1.2120435,-0.6225709
191,1.0501776,-0.0021047879,1.5370308,0.9799607,-1.4775771,1.6656691,1.5461606,1.1971058,1.7605448,-0.38853732
192,2.834836,1.0404629,1.4649552,0.6904533,2.9364305,0.42823964,1.4866327,2.6090043,1.0671111,2.241254
193,-0.03858427,0.858758,1.4901503,0.5229469,2.1882727,0.73034805,1.4093001,1.7978241,1.7434509,-0.27408493
194,1.2379646,0.084347986,0.24538606,0.05467712,-0.13892715,0.13716948,0.22121428,-0.7459689,1.149783,1.028615
195,-0.0446525,-0.9015644,0.024380915,-0.74727017,1.3979486,-0.5143255,0.010858464,0.15573373,-0.7577693,0.5564134
196,1.102413,0.8849384,1.4774373,1.5853245,-0.7018306,1.5131572,1.4985337,1.29388,0.3771326,0.36890355
197,-0.3488028,-0.29423034,-2.0886889,-1.0612707,0.16974264,-0.64050466,-2.0681205,-0.49846664,-1.1075586,-1.4339504
198,0.8703544,1.1399884,1.296942,0.9990603,-0.44427648,0.9702341,1.2618353,1.5859455,0.77617466,2.0403075
199,-2.0943568,-1.489441,-1.499813,-1.3704735,-0.37993044,-1.5928689,-1.4716973,-1.4875834,-0.62331903,-0.36371553
200,0.02078824,-0.1357724,0.2997046,-0.40186706,-0.5743564,-0.21450579,0.2685352,0.4595241,-0.624136,0.6130506
201,-1.6572508,-1.0627773,-1.9212874,-1.8891429,-0.43883976,-2.1037805,-1.8855081,-1.5359647,-0.29208496,-1.6319097
202,1.7360972,0.7609209,0.6786155,0.74877286,-1.1747904,2.374757,0.6489096,0.6789504,1.8929904,2.3500013
203,1.2268213,1.5244768,-0.18803307,0.81380486,-0.22806509,0.33070806,-0.19515446,0.93962723,1.0331025,1.7360222
204,2.6915426,2.5898476,1.3356494,0.5714696,1.2345219,1.15579,1.3505682,0.7301768,-0.16757275,0.2796314
205,-1.2085669,-1.791569,0.29403713,-1.5919878,0.8777728,-0.55922765,0.2679538,-1.7447706,-0.71031934,0.37937352
206,1.9484106,0.9475832,1.2366008,1.4968159,-0.4908313,0.7065791,1.1921916,1.0742828,0.5274376,2.0731392
207,1.5038186,0.75601995,0.19672349,0.9687691,-0.09917334,-0.013640006,0.20753142,1.9544172,-0.19865422,1.8072361
208,0.93119144,1.5040619,0.5585613,1.3002479,-0.39328033,1.8195541,0.5009957,1.6794828,1.0068514,-0.6475061
209,-1.2157185,-0.92313373,-0.49508736,-1.4844524,0.041624684,-0.45333198,-0.46638575,-0.38033164,-1.0887779,0.61589247
210,-0.7791291,-1.064003,0.534595,0.90896237,1.7575296,-0.28803235,0.5148128,0.9856499,-0.7629568,0.50537837
211,0.37799096,0.46212766,-0.62518895,0.55921113,-0.40345967,0.36144048,-0.64118135,0.36501235,1.1994065,0.7251104
212,-0.06442311,-0.16448641,0.34578174,0.118819386,-0.7780899,-1.1536926,0.3206752,0.35719982,-0.474187,-0.7110737
213,-0.6705211,-0.42703995,1.3666948,-0.9898078,2.2701886,-0.5902336,1.3150163,1.0272484,-0.5632183,-1.2301042
214,0.1438646,-0.052196603,1.208145,0.27673692,1.260458,-0.10357058,1.1532056,-0.24617736,0.01810452,-0.19912209
215,-0.2358225,-0.03324245,-0.50528026,-0.084767945,-0.06728997,-0.38318735,-0.4999016,-0.8506333,0.9467078,1.1276962
216,0.9556221,2.3252616,1.6075716,1.9484462,2.0564678,1.6826707,1.7642181,1.539626,1.3853459,-0.2973947
217,1.6811893,2.1655118,1.6329496,0.6801078,2.3154473,1.2059283,2.0414288,1.324264,1.5677954,0.7197915
218,0.20964171,-0.5185493,0.74495345,-0.53185093,1.0381471,0.46954098,0.7055394,1.619093,0.1135804,-0.54795146
219,-1.61474,-2.2876291,-0.82274604,-1.792033,-0.47205454,-2.0460808,-0.8273975,-1.4470702,-1.0435678,0.24656896
220,1.3029989,1.5036782,0.73791695,-0.55062115,-0.8421053,1.8489131,0.6260195,0.029036894,1.4747599,-1.2765901
221,-0.51883507,-0.37686512,-0.9441236,-0.44869336,-0.271636,0.17412353,-0.9307013,-0.75358015,1.3017615,-1.0250047
222,-0.65154207,-1.7656939,0.87587774,-0.27533522,1.141892,0.18572907,0.85702807,0.22423624,-0.026413694,0.46940616
223,0.59076905,-0.51454616,0.7356356,0.10991334,1.4931731,0.24527802,0.6698556,0.18667136,0.23959903,0.6474434
224,0.39485064,-0.018949335,0.90512264,0.66077876,2.2417214,0.7514757,0.86934465,0.34060144,1.1720715,0.9666518
225,-1.2601551,-0.10933961,0.5715657,-0.8404251,-0.39541027,-0.36286104,0.5806307,0.4042251,0.0073876833,-0.5361597
226,-0.20861776,-1.1816077,0.96200824,-0.21961065,-0.39355853,-0.88022435,0.9120632,-1.4393406,-0.79917485,-1.5618327
227,1.7007073,0.8600801,0.48665133,1.0081224,1.7540622,1.4494278,0.46327418,1.1504228,0.5227345,-0.9941946
228,0.044021826,-0.8440521,0.8592469,-0.59377015,-0.85987294,-0.75474685,0.8097153,0.19299302,-0.5670935,-0.3005532
229,-0.74331695,-0.39509466,0.09817065,-1.0965481,-0.89327264,-0.13235618,0.08958395,-1.5454854,-0.8145852,-0.124566756
230,0.32079586,0.3684104,1.2377685,0.25810403,-1.1251137,0.11171342,1.1950736,1.391452,-0.50786364,-0.9684595
231,-0.07860568,0.33467495,-2.0010946,-0.7826847,-1.370828,0.20286518,-1.9570116,-0.5948078,-1.0502247,-1.6564071
232,-0.25269765,-0.3444934,-1.7462263,-0.52986175,-0.9923965,-0.47317153,-1.7159773,-0.52849376,-0.56560224,-1.0467898
233,1.0960608,1.9157088,0.675471,1.5648533,-0.6442759,0.8785142,0.6456152,1.0423113,1.109304,0.9403704
234,-1.5519145,-0.29253015,-1.8458437,-1.7833431,0.4506702,-1.1897365,-1.8175508,-1.1139216,-0.5422099,-1.5593302
235,-1.0980322,-1.757774,-1.0151427,-1.0595967,0.89097685,-1.61288,-0.96886015,-0.7875401,-1.4832348,0.19257455
236,0.6501445,0.68000865,-0.85428053,1.3698323,0.32439744,1.7604824,-0.883166,1.1316909,1.4806242,-0.5828344
237,0.027500011,-0.48775965,0.75924164,0.97855383,0.2956109,0.31554285,0.7438857,-0.049339768,0.020572286,-0.036215723
238,1.523556,1.1407225,1.4560834,2.3274515,0.73558944,1.0225942,1.4269453,1.3087958,1.4975188,2.1679947
239,-0.40935707,-0.7515815,-1.3629538,0.18315119,-0.4220126,-1.2950796,-1.3497155,-1.0740216,-0.9909974,-0.9653518
240,1.9281769,2.1025321,0.8348777,1.9375954,-0.62597734,1.1420119,0.78812,1.612194,1.1570541,-0.11621886
241,-0.80310255,0.33752945,-1.7666142,0.6582707,-0.9832218,-0.6260723,-1.7155094,-0.06399774,0.04710185,0.095576435
242,-1.1504885,-0.36124256,0.2638431,0.2211222,-0.33590385,0.31056553,0.20857961,-0.39648324,-0.0043070694,-0.48177367
243,-0.4810975,0.9913867,0.17303914,0.0020234028,0.27095702,0.07024027,0.1549358,0.6443223,0.39983204,-0.99178076
244,1.0992658,1.1580286,0.478401,0.66486484,-0.20884833,0.4920084,0.4413762,0.6851292,0.49502325,-0.20094424
245,1.4267325,0.7882408,0.2549167,1.0214968,-1.349943,0.838962,0.2209995,0.7396502,1.9309682,1.0313486
246,-1.1448365,-0.59214956,-1.4950993,-0.25785154,-0.9961579,-0.5191254,-1.4848489,-1.2958214,-0.48465112,-1.6908902
247,0.2690359,-0.52709615,1.2663391,-0.3156727,0.19669448,0.049217295,1.2232308,1.2543715,-0.51542795,1.1941975
248,-0.5122344,-0.91001415,0.3971478,-1.0977823,0.1798241,0.100203045,0.38612503,-0.37409717,-0.6880284,0.7743464
249,0.97299296,1.9458243,0.61740696,0.756242,-0.3863139,0.3014534,0.57922333,-0.32299498,1.1334201,1.8130912
250,1.0724694,1.8688827,0.542791,2.157133,-0.49677026,0.41421512,0.54725564,1.3004776,0.14426686,1.998924
251,-1.4607859,-2.2667754,-0.038327113,-1.2743404,-0.25097448,-1.9193063,-0.025142768,-0.7248509,-0.31993622,-0.08070671
252,-1.3994614,0.011093214,0.24797451,0.022015257,0.31766266,-0.38766226,0.21859542,-0.98770255,-0.22065832,-0.71739674
253,2.2763858,2.4028087,0.45428157,1.8113366,2.011139,2.3744206,0.4375195,2.9666514,1.681655,0.7717789
254,0.24893333,-0.20788498,0.44549868,0.7928676,1.9778191,0.5660788,0.42104486,-0.9187786,-0.64431953,0.31323528
255,-1.3703921,-1.5927671,-0.83402765,-1.1454129,-1.144881,-0.58372563,-0.8330881,-1.8932333,-0.986364,0.32144168
256,0.57667893,0.600924,1.3403897,0.19738571,0.45632917,1.2452365,1.3392291,-0.13374545,0.9392021,-0.7002571
257,1.7453483,1.3365657,1.2236004,2.5394628,-0.045553245,1.0292076,1.206636,1.3160565,1.6753192,2.4782102
258,1.4243015,0.9304603,0.53564864,1.8095574,-0.40789312,0.730774,0.52368027,1.3606461,0.8602534,0.6111736
259,0.6948066,0.3837255,0.310116,1.00706,0.13714924,-0.056129765,0.2852738,0.31961307,0.4069374,-0.7352878
260,-1.1698939,-0.57969,-1.5601915,0.27294284,-0.5110228,-0.31083658,-1.5355182,-0.44244546,-0.28709316,-1.6278447
261,0.07320496,1.384522,1.5116212,-0.04569786,1.5597149,2.1526313,1.5781071,1.5310466,1.6228904,-1.1464682
262,-0.609811,-0.7824861,-0.70179856,-0.100983806,0.6062023,0.6334065,-0.67936194,-0.7220069,0.32607195,-1.1193197
263,-0.28144673,0.91763777,0.826385,1.5803307,-0.92867523,0.52157253,0.8035558,3.0507393,-0.20653962,0.71596205
264,-1.6330434,-0.4064359,-0.5011017,-0.42214996,-0.657053,-0.6757225,-0.48176083,-0.8564223,0.22191957,-1.4657168
265,0.09912114,0.7373665,1.1103915,-0.4849587,1.7514946,-0.4222313,1.1055738,0.4480095,-0.5182668,-0.12727356
266,1.4081587,1.255662,1.143201,1.2658803,2.2810817,1.4009638,1.1039263,1.575512,1.2535865,-0.06880221
267,0.6946913,0.8068296,0.9031294,1.3478049,0.4246334,1.572184,0.8950343,0.6344886,1.1748241,-0.06931223
268,-1.7403463,-0.98977184,-0.4693581,-1.2671106,-0.3934718,-1.5800458,-0.44756293,-0.44025826,-1.1459512,-0.34469125
269,0.16888005,-0.14859533,0.62149113,-0.023878835,1.4001948,0.89496434,0.6225211,0.81007105,-0.416435,0.8342693
270,-0.72468776,-0.2779438,0.5651155,-1.0040258,2.0523462,-0.16957952,0.5553307,-0.082836516,0.6054901,0.62479275
271,0.23265907,-0.28997058,-0.49430394,0.47290492,0.5845894,0.543344,-0.4707259,1.584716,0.014800639,-0.31868455
272,0.41858405,0.35176116,0.5212595,1.2932016,-1.6457703,-0.44101185,0.49842137,0.23385304,0.39841223,0.021537496
273,1.4687823,0.86413187,1.2432353,1.4605659,0.3925197,1.2119478,1.1930637,0.8658489,-0.022017622,2.4598694
274,1.1764579,1.4927711,1.1707469,1.8664393,-0.7142319,0.19109544,1.1743054,0.13630795,0.22528052,1.4953082
275,0.22540757,0.24666598,0.6566584,1.3780936,1.4940461,0.9365664,0.5968113,0.3927472,0.97168356,-0.44237798
276,1.1759629,1.160194,1.63981,1.056002,0.15836568,0.50456464,2.0322022,1.8196883,-0.20060131,1.6594541
277,0.7748456,0.66896594,-0.9864898,0.8856075,-0.8209035,-1.1049557,-0.9390664,-0.37746918,0.12156194,0.40826067
278,-2.1342807,-1.6660714,-1.9092563,-1.212367,-1.1328348,-0.17125186,-1.8959459,-1.8433422,-0.39461544,-1.6482843
279,1.7313553,1.0405637,0.33624747,1.4143443,-0.43937752,0.775655,0.3484365,1.668881,1.3896863,0.29452392
280,1.2631155,0.5448695,0.5537014,1.6610354,0.45982853,1.0305799,0.4816797,0.088928476,1.8276904,0.67759645
281,-0.23768342,0.14865355,-2.2173235,-0.54460686,-0.14660035,-0.04993204,-2.1997836,-1.3122039,1.5853376,-0.8512952
282,-0.1612968,0.4759368,-1.4407732,-0.25032556,-0.5533382,0.7438171,-1.4215548,-0.56263214,1.2650936,-1.3486751
283,-0.19472952,-0.14405242,-0.05346431,-0.050182983,-0.0013099835,0.8025966,-0.05125708,-0.8905333,-1.4020607,0.10463093
284,-0.8767406,-1.5912975,-0.1291625,-1.4376715,0.04042409,-1.5387911,-0.13095339,-1.2515974,-0.9366065,0.10913348
285,0.4034332,0.18494648,-0.77851176,1.6566372,0.30419946,0.84275365,-0.8188024,0.30991074,0.39240506,-1.2913648
286,-1.3394674,-1.5318823,-1.4036875,-1.669872,-1.6661596,-1.7488031,-1.3678559,-0.683663,-1.643603,-0.6192481
287,0.30608433,-0.24982,-2.0369515,0.56078494,-1.3729935,-0.41211686,-2.01129,-0.7157653,1.7325906,-1.232106
288,2.3768654,2.6051452,0.5561783,2.7380412,1.9859363,1.7692931,0.5126983,1.6802554,1.5577619,0.9272314
289,-1.2102716,-1.1455284,-1.7639217,-1.1872053,0.22877912,-0.960746,-1.754225,-1.2378491,0.06935075,-1.2961789
290,-1.3608528,-1.4951775,-0.51833683,-0.85697675,-0.30595905,-0.9275825,-0.5341488,-0.928951,-0.53763926,0.4990951
291,-0.8489679,0.19617127,0.15628757,0.06541136,-0.8432091,-0.31195593,0.14626382,-0.4371845,-1.836545,0.9811875
292,0.8964207,0.060503718,0.11938994,-0.18740249,0.70490533,-0.1684576,0.11627968,1.3221649,0.06506574,1.408296
293,-0.76065356,0.29854178,-0.22725227,-1.1689388,0.052621182,-1.0097868,-0.24768153,-0.16421409,-0.49762252,0.31480733
294,1.1329253,0.6980885,-0.14455137,1.174595,-0.045983527,1.1185238,-0.18848577,0.3897217,1.5235546,0.0056958604
295,-1.4819517,-0.35914966,-1.6100173,-0.79085857,-0.99743915,-1.7156981,-1.5953524,-0.9808999,-0.7407599,-1.3311713
296,-1.5646552,-1.2943114,-1.0788887,-1.8542582,-0.47838283,0.19892746,-1.0807359,-1.6512318,-0.72514987,0.078696154
297,-0.93712705,0.014804568,-1.1048355,-0.27982518,0.123216145,-0.47110957,-1.1289597,-1.0142838,-0.4222238,0.16098434
298,0.341282,-0.07994427,-1.1682459,-1.030817,-0.3683332,0.21502654,-1.1595907,-0.03632374,0.9764968,-1.2423297
299,0.764421,0.10171854,1.4337854,0.8725394,2.618806,0.41128957,1.3999693,0.5961577,-0.6292244,0.5291639
300,-0.8470947,-1.5109698,-0.87147343,-1.6121157,-0.962543,-1.6354048,-0.87907463,-0.22736454,-1.2550939,-0.4719829
301,0.41169095,0.5137701,-1.6357291,0.52761304,-0.7291015,1.1520169,-1.6289488,0.20745556,0.30328217,-1.4928126
302,1.039443,1.4750537,1.6209073,0.54566807,1.894238,0.6839342,1.79263,0.5633077,0.20404534,0.99714863
303,-0.25157627,-0.37687048,0.6307831,-0.22472812,1.9095709,-0.24783641,0.6371462,0.090591714,-0.5055686,0.5893499
304,0.57324904,1.1370344,0.46603465,-0.13444827,0.1525606,0.78269196,0.4435538,0.8113352,0.509163,0.6186311
305,0.49658817,0.67834973,0.9139716,1.2444218,2.1240299,1.0101093,0.8661148,0.87296385,1.4673098,-0.93068767
306,0.4089252,-0.50643116,0.8148419,0.78224707,-1.440061,-0.0062308633,0.7698036,0.3777027,-0.75675005,0.90153515
307,-0.27139226,-1.4785087,1.1111937,-0.75470877,1.3635657,-0.40976334,1.0587069,0.39827672,0.5392081,0.84057134
308,1.2914509,1.9704034,0.79931223,0.49109557,-0.14589015,1.224066,0.7466064,1.9514338,1.1119654,-0.2908586
309,0.18461391,1.0196874,1.4546989,-0.2639356,-0.96037096,-0.6132688,1.5263457,0.5116461,-0.7864441,2.268472
310,-0.11951789,0.6017514,-0.7593794,-0.61815786,-0.106332146,0.39042303,-0.7445069,0.59968,-0.21071269,-1.3309084
311,0.7952225,-0.6334173,0.6336159,0.633667,-0.08341016,0.99159336,0.6161138,-0.17365214,0.15507464,-0.30408952
312,0.16654897,-0.89051986,-1.3063482,0.10859016,-0.58920896,-0.20321912,-1.3229274,-1.0408328,-0.6793737,0.07735576
313,0.057615828,-0.33640042,-1.8343273,-0.48055097,-1.0589305,-0.6015468,-1.8378226,-0.83375347,-0.6854267,-1.5003341
314,1.0334365,-0.6424438,-0.25713667,1.4257727,0.35346007,-0.34573156,-0.26380315,0.14800562,0.8099956,0.89022535
315,0.048492774,0.3086131,-1.9304358,-0.31660205,-0.3605519,0.5410893,-1.8774581,0.93036073,1.8215238,-0.55181265
316,-1.9171888,-1.2444274,-0.57825816,-1.0740508,-0.92275375,-0.93433696,-0.55887777,-0.9172389,-0.5557651,-1.2029235
317,-1.3235412,-0.87789375,-1.940199,-0.94426143,-0.053035103,-1.8678964,-1.9236573,-1.5962766,-1.7403182,-0.8717916
318,-0.29172,-1.2012697,-1.2736589,-0.58250064,-0.88077015,-0.68714976,-1.2655462,0.36717692,0.7836586,-0.10043228
319,-0.761349,0.07828266,0.15497634,0.66766495,-0.6112673,-0.56651473,0.15484132,0.7461063,-0.48524207,-0.32944602
320,-0.7151215,-1.3115662,-0.258761,-1.2992212,0.3541215,-0.93784815,-0.25684476,-0.4274316,-1.184147,-0.025166418
321,0.7845706,0.6094881,0.86344624,-0.42552164,0.99634194,0.26362318,0.85540134,-0.034159865,-0.3592356,0.6929373
322,1.1539164,2.4939158,0.4576263,1.2433633,0.111844875,1.2456295,0.42244026,1.2046372,0.7113296,-0.4617711
323,0.34127632,1.2358222,0.6257786,1.2577162,-0.31037894,0.032516416,0.60760075,0.7676588,0.81281924,1.6009749
324,1.2400624,0.5267933,1.0040233,1.6771967,-1.2739724,0.10902273,0.96230215,0.8705423,0.30271408,1.7316717
325,-0.9173903,-2.3284967,0.038050957,-0.86549705,-0.31989178,-1.3498011,0.02111058,-1.2727857,-1.1833336,0.24779584
326,-0.9583012,0.61185867,0.7694273,-0.8734311,-1.1192716,-0.56765234,0.7352221,-0.52154267,-0.83553034,0.99460006
327,-0.45867646,-0.43002763,1.1283565,-0.23303273,-0.47488093,-1.0876316,1.1259536,0.73409396,-0.38950175,-0.52300316
328,-0.94744194,-1.056722,-0.51299363,-0.7083411,-0.0869244,-0.9799511,-0.51620585,-0.15408012,-0.15535434,-0.6599954
329,-0.6280143,0.8660132,0.5429603,0.33169737,2.1252153,2.2861426,0.54456294,0.085971296,0.61644775,-0.4080136
330,0.17445572,-0.13435517,-0.031171814,-0.20836799,-0.7932022,0.6036369,-0.04746944,-0.22276242,-0.8080153,-0.2015095
331,-0.3857904,-0.6903344,-0.953632,-1.0918386,-0.30246383,-0.63369036,-0.95338064,-0.87194777,-0.54653937,-1.1860149
332,-0.7645881,-0.23710336,-0.6968213,-0.3012715,0.3170908,-0.7804702,-0.67415845,-0.92218417,-0.4507214,0.12636289
333,-0.6325453,0.5661374,0.6967634,-0.7667695,2.6356573,-1.9622304,0.6706077,1.8107013,-0.71146345,-0.35781804
334,0.7780159,1.0295019,0.77197623,1.439907,-0.08822647,0.088194296,0.77897966,0.24972843,0.397729,-0.37815762
335,-0.9842404,0.1375888,0.82628727,-0.5399119,2.1406603,-0.469291,0.80979824,-0.34116235,-1.2017983,-1.5235096
336,-0.1249439,0.49210232,-1.389063,-0.841897,-1.172552,-0.4107687,-1.3847723,-0.90394706,1.121572,-1.2581863
337,1.5152494,1.0559362,1.4582194,1.4025824,1.9732006,1.4450753,1.4309038,1.2044331,0.7639094,1.8886057
338,-1.455529,-0.80919266,0.6492093,-0.68324584,-0.7598002,-0.91549814,0.62291646,-0.77718395,-0.21510828,0.21722005
339,-0.7667739,-0.3062152,-0.84071684,-0.6449929,0.46717513,-0.10261788,-0.8430361,-0.16733907,0.878093,-0.7368368
340,0.723246,0.251008,0.82804686,0.97126365,1.5249487,0.69002426,0.78532434,0.40021685,0.105363436,0.23604861
341,0.14235927,-1.2092363,0.88466805,-0.4341335,2.0563564,-0.16784611,0.8597381,-0.5055684,-0.5291367,0.13028246
342,-1.6669536,-1.4174826,-2.8302956,-0.65584636,-1.2197752,-1.1943696,-2.837415,-2.044712,-1.1053272,-2.0611491
343,1.6455356,-0.381027,0.9069117,0.2799117,-0.7149532,1.0105377,0.86601937,-0.066256315,-0.5248378,1.2694025
344,-1.0458853,-1.5565237,-1.3670292,-0.9873158,-1.0242736,1.2679482,-1.3319108,-0.78518975,-0.89087766,-1.4783422
345,-0.33863252,-0.07646253,-0.43112925,-0.5402595,0.058248464,0.61062026,-0.44237274,-0.9146481,-0.80421734,-0.15477979
346,-1.3743001,-1.6477123,-1.8873254,-1.8158737,0.2683591,-2.2887669,-1.8472731,-1.8482345,-1.6577458,-1.65277
347,-0.16314618,0.6700627,0.78968006,1.1274644,0.17850068,0.07179634,0.75740373,0.75630176,0.4435543,-0.003986537
348,0.49863467,0.37456223,-0.27147236,-0.563242,1.064905,0.2646452,-0.26876816,1.3744723,-0.2735549,-0.97405124
349,0.2264248,0.4026602,-1.8219236,-0.5700447,-0.6217036,-0.346205,-1.8186408,-0.4533284,1.9919999,-1.3050451
350,0.014045718,0.13393314,1.2813176,0.57338065,-1.2723382,0.86301327,1.2419631,1.1314483,0.18079123,1.3333836
351,0.14943501,0.3667978,-0.20592566,-0.2969942,-1.7237283,-0.4687163,-0.21510786,0.780738,1.2637234,-1.2978073
352,0.29637653,0.52605754,0.90299964,0.754864,0.51472384,0.56706166,0.83161396,-0.40894142,0.9644469,0.95176584
353,0.449747,1.0059601,0.20804863,1.0660586,0.6201367,1.4640635,0.1775463,0.4395644,-0.217281,1.642756
354,-0.16957352,1.1677262,1.1370299,1.3146247,1.1129721,-0.25103688,1.0966879,1.4312061,0.0035843437,-1.0061917
355,0.8841663,-0.7076106,0.5894235,-0.17518303,-0.5981413,0.8497089,0.57198,0.8272135,-0.6195627,1.1499351
356,0.8506333,0.40728697,-2.1246924,0.51815283,-1.5419773,0.79570735,-2.103987,-0.35821232,1.6589279,0.7160402
357,0.31964323,0.5819002,0.55700624,0.8405517,-0.52621573,0.3878175,0.51915765,0.48173264,0.5291047,-0.20195271
358,-0.03780375,-0.28501624,0.47775435,-1.0335772,0.24496908,-0.46768245,0.47243717,-0.08132268,-0.008078704,-0.027314154
359,0.62486506,0.17659342,-0.02688847,0.09229317,-0.20176584,-0.115120776,-0.035521045,-0.53733325,-0.08443015,-0.40251955
360,1.3016376,1.6330224,0.4821896,1.9095603,1.7129076,1.0247524,0.42588642,1.168232,0.47605926,1.5340701
361,0.83533454,0.49577236,0.751594,0.56277305,-0.20693149,0.6023824,0.72798777,1.3382142,-0.470325,1.381546
362,-1.160456,-1.5088019,0.5779795,-1.1486856,-0.55877745,-0.80081284,0.559087,-0.1679392,-1.0677813,0.39889383
363,1.365082,-0.0004057195,0.6763529,0.3730055,-0.44616643,0.96594316,0.6338671,0.075839795,-0.023673302,-0.9952223
364,-0.73701555,1.6470311,1.3843921,-0.18620954,2.7186382,0.8506366,1.3607497,0.5148046,0.97985363,0.019948537
365,1.3194456,1.133645,0.23401323,1.2928126,-0.1643242,0.771644,0.22628872,-0.046268232,1.4530854,1.2855934
366,-0.4851663,-0.16763225,-0.19057737,-1.1364483,-0.634198,-0.7722921,-0.19801039,-0.8490404,-0.3088876,-0.061858498
367,-0.80504066,-1.51005,-1.3980983,-0.61058193,-0.32265976,0.15243784,-1.3310869,-1.5637403,-0.7313188,-0.98481506
368,0.94695497,0.5269597,0.06921421,1.1659702,-0.5745454,1.2751087,0.015104344,0.42986342,1.9840657,0.24021088
369,0.35057235,1.1734481,0.6177421,0.99020296,0.062282268,1.5440415,0.6012322,1.3526782,1.8316865,1.4993421
370,-0.19134513,-1.6533905,-0.27793005,-0.32815486,0.48629835,-0.8994587,-0.27571705,-0.32343638,-0.4775186,0.1637361
371,-1.943211,-1.2572819,0.6585636,-1.0247625,-0.0511748,-1.6996536,0.62295854,-0.40785328,-0.8709173,-0.7828645
372,-1.031901,-1.2355821,0.70470315,-0.6289372,0.6692977,-0.6699641,0.63845575,-1.3690501,-0.69156146,-0.6355547
373,1.1724331,0.37280744,-1.2342893,1.6389066,-0.089942366,0.82310176,-1.230331,-0.004484825,1.3002402,1.5338162
374,0.1353355,0.028026752,0.7815031,0.6895968,-0.35045096,0.96196705,0.7489144,0.42815408,0.04524731,1.7636276
375,-0.51360404,-1.5313909,-0.77739984,-1.7541199,-0.64137286,-1.5092181,-0.7720014,-1.6861817,-1.5559082,-1.7456926
376,2.0146308,0.63011587,0.99621904,0.8888715,2.6236563,-0.2342425,0.9600509,1.0853299,-1.030923,1.0703547
377,-0.29116666,-0.1574148,-0.18189466,-0.38540766,-0.7811967,-0.3608807,-0.21162575,-0.31913054,-0.23509657,-0.5634404
378,0.5095612,-0.02369256,-0.19398598,0.4291765,-0.53627944,1.1289115,-0.23605466,-0.45436135,0.94394445,-1.1265665
379,-0.056913577,0.7263705,-1.0949795,1.7601359,-0.78723526,0.4069301,-1.1007183,-0.1859363,2.0096297,-1.1081764
380,-1.8029225,-2.048435,-1.9903164,-2.3233328,-0.20961545,-1.4539111,-1.9630356,-2.0683486,-1.7307923,-1.4756528
381,-1.0372174,-0.99658996,-1.170703,-1.3728486,-0.8983415,-0.84530437,-1.1613259,-0.8971329,-1.2776862,-0.47768617
382,-0.21679147,-0.59217805,-0.9833167,-0.4134468,-0.86803114,0.018839488,-0.97868794,-1.0582551,-1.7388853,0.100142606
383,1.5208559,0.99927014,0.9256586,0.8348413,-1.7232885,0.48347005,0.9257967,0.57312536,-0.0614483,2.0892737
384,0.9772041,0.98921007,0.2769744,-0.46561673,2.1105335,1.02668,0.2681227,0.64965796,0.55620986,-1.2488236
385,0.49898404,1.1190526,1.3770342,0.85301924,-0.31799835,0.9224391,1.3131458,1.7111247,1.2021513,1.0507439
386,1.1475039,0.71730334,-1.2471871,1.1507695,-0.55603355,0.7997288,-1.2669022,0.6257524,0.65108544,-0.67272705
387,-0.1223075,-0.7870582,0.28608423,-0.14017119,-0.5502721,-0.7388208,0.2712123,-0.68348056,0.6385232,0.41006318
388,-0.12550218,-0.043654487,1.1566222,-0.19308539,1.9061534,-0.26319858,1.1537948,0.3839234,-0.44862232,-0.24070477
389,-0.59478754,-0.96296024,-0.9803051,-1.0756084,-0.18764253,0.3912289,-0.9610539,-0.6286623,-0.011317346,-0.99825543
390,1.3236661,1.5153893,0.8537523,0.8702785,-0.39338142,0.91631097,0.78791493,1.506012,1.1557195,-1.4209243
391,1.393951,1.1271945,0.2706745,-0.33740693,-0.9505708,1.9661887,0.27297226,1.2768294,1.6356117,-0.62094986
392,1.8937577,0.46689928,0.848807,1.4098268,-0.77553344,1.1685517,0.8113088,1.0156126,0.7777123,1.5581541
393,0.6498104,0.4153533,-0.17736062,1.0531815,-0.4728186,1.0918267,-0.09943419,1.1296719,0.823117,-1.4635137
394,-1.7061025,-1.1898222,0.5748302,-1.1171759,-0.9568113,0.034255337,0.52034336,-1.1510426,-0.63856006,0.1943819
395,0.5776133,1.2634722,0.94050425,0.5568433,0.63994247,1.7400453,0.91748136,0.7308117,1.0212705,0.2845225
396,-0.28898406,-0.583948,-0.13639934,-0.5870101,-0.5181853,0.15406094,-0.14518584,-0.6213,0.12411605,0.20504926
397,-1.0708025,-0.9190126,-1.4021902,-0.9803628,-1.1352657,-1.6574047,-1.3778336,-0.84488004,-1.6258996,-1.2101889
398,-0.13095804,-0.15075277,-2.997375,-0.93174666,-0.32891598,-1.0680342,-2.9743896,-1.7502642,-0.2175899,-1.0078586
399,-1.2175862,-0.84097546,-0.4475207,-0.9006546,0.2230354,-0.49937102,-0.42986688,-0.6053854,-0.35432386,-1.9219229
400,-2.1111543,-1.6665928,-2.1199415,-1.5016602,-0.059019364,-1.8822314,-2.0982254,-1.4702988,-0.84414625,-0.1716352
401,-0.99016535,-1.7392563,0.41415963,-0.20490132,1.8426595,-1.3309529,0.38633132,-0.010602477,-2.1648498,0.28403667
402,0.5818744,1.4708061,1.0370629,0.7862443,1.1515173,-0.10622879,0.97952664,2.07062,-0.1697611,0.41849995
403,1.9830896,1.5427796,0.60412765,1.5330156,1.238997,1.7145605,0.5574916,0.9201087,0.8795344,2.3227296
404,0.5092471,0.4765268,0.64731365,0.26405776,-0.3197852,-0.6103206,0.61858386,0.95418364,-0.4174401,0.3075781
405,-0.06812745,0.55000484,0.6092172,0.7526323,-1.4681439,0.22645721,0.6119644,-0.021757197,-0.45386377,-1.0695896
406,-0.150871,0.07065634,0.19152357,1.015196,-1.1114464,0.28998345,0.15075147,0.036485806,0.051244184,-1.1231757
407,0.8986506,-0.33577478,0.0021826702,0.84640425,-0.59056133,-0.08549233,-0.0062766396,-0.038833782,-0.10048096,-1.4819638
408,0.15254797,-0.74210894,0.68335485,-0.4335055,1.5751427,-0.81660414,0.6747888,1.628347,-0.09750448,0.586791
409,0.19833061,0.60349536,-1.2318528,-0.35902345,-0.60408306,0.7726665,-1.2309608,-0.16661495,0.23015393,-0.50279844
410,0.29955867,-0.37600705,0.05211033,0.13599046,-0.05613412,-0.08143104,0.03643675,-0.24968065,0.14159966,0.85128844
411,-1.5743059,-0.7865129,-0.36789954,-0.45251992,-0.64538276,-1.317253,-0.3590412,-1.1048392,-0.88123184,-0.18612163
412,2.146788,1.3001678,0.8848267,1.6799114,-0.91843146,0.55531025,0.8052792,0.75651205,1.227366,0.33572623
413,-1.5413922,-1.1976024,-0.8139494,-1.3985152,-0.31902507,-0.54546785,-0.7769025,-1.273692,-1.8564479,-1.6049236
414,-0.34624484,-0.7147309,0.8120406,0.38744766,-0.46047017,-0.812337,0.78863114,-1.4236201,-0.23052986,0.605565
415,2.1091735,2.0511348,1.5324196,2.0279236,-0.33334944,1.0925357,1.5446752,0.8855634,1.7410122,0.5357728
416,-0.65584016,-1.1835927,0.25181642,-0.443713,1.4363754,-1.2345619,0.20638226,-0.9694708,-0.75250316,0.5613603
417,1.0708008,0.5113348,-0.23916921,-0.30966517,2.072553,0.6474922,-0.25239673,0.48094422,0.040379647,-0.6563605
418,0.6162123,0.6857673,-0.07876396,0.149833,-0.5287595,0.26650402,-0.09306047,0.23388162,0.33289805,1.3415384
419,0.15540218,0.22756898,0.1524789,0.5628314,-0.6829306,-0.38720155,0.11967256,1.2988839,0.33316347,-0.453803
420,2.151734,1.0675523,1.1155165,-0.5321636,2.2686348,-0.15815328,1.0744153,0.90924877,-0.695358,0.083841845
421,-1.1775469,-1.1906922,-1.291946,-0.82272124,0.22714989,-1.0581167,-1.2859589,-1.100987,-0.11492821,-0.0029335967
422,-0.9528245,-1.1119684,-0.10258686,-0.62348646,1.2859024,0.33372355,-0.10093499,-0.1890665,-1.0439172,0.5058369
423,-0.41834885,0.16097665,1.0695372,0.46217197,0.8293785,-0.022499762,1.0544833,1.8882502,-1.7703799,1.8186725
424,-0.124579996,0.33418694,0.039214775,0.4194689,-1.0521035,-1.179918,0.027244013,0.35760248,-0.15838708,1.638119
425,0.025060028,-0.41384292,0.059208464,0.2022092,-0.095999375,-0.09483337,0.045507424,-0.9800232,-0.24854632,-0.36596465
426,0.48964855,1.6832124,1.5028384,0.22454181,1.8559959,0.31890738,1.4896513,0.62437606,1.0381428,1.321901
427,-0.04616423,0.541326,0.43578047,0.24730976,-0.8513006,0.0978419,0.39193466,-0.34055164,-0.7204002,-1.6541202
428,0.9405205,-0.6316898,-1.7231987,0.4775779,-0.37822413,0.5452661,-1.705724,-0.70921475,2.3086731,-0.11699675
429,0.603319,0.3354094,-2.140587,-1.0242734,-0.57382846,0.04495214,-2.1014502,-0.6432322,2.2214353,-1.403551
430,1.27666,0.8344014,1.2589614,1.1695315,0.5894477,0.55483407,1.2571487,1.2505062,1.3696901,2.7425628
431,-1.2568138,-1.0290763,-0.32322338,-0.7195592,-0.08794001,-0.25744507,-0.33085704,-1.2936416,-1.0836917,-0.6519553
432,0.07934066,-0.12655117,0.79975337,0.14729682,1.3452557,0.7433337,0.77198553,0.08930497,-0.79043424,-0.30127808
433,0.9127136,0.58877283,0.15468618,1.1499845,0.17420596,-0.0010425675,0.12494395,0.37818143,0.8334603,0.7588916
434,-0.81872284,-0.52508605,-0.2829549,0.16875163,0.06543326,0.08476384,-0.28241366,-0.39727235,-1.307582,0.46428993
435,-0.2506369,0.6024729,0.97509176,-0.6339089,2.7220616,0.81310874,0.88431025,0.09751108,-2.1442277,0.3409259
436,1.0944066,1.5741456,0.13793704,0.8570517,0.0741582,0.35305652,0.13402851,0.9500742,1.5526251,-1.0413657
437,-0.96377414,-0.80831677,0.36872572,-0.8030559,0.075848065,0.16239701,0.31135288,0.15444356,-0.6464873,-0.595124
438,-1.1742977,-0.91478133,-1.6695204,-1.7898197,-1.1483281,-0.78284144,-1.6349458,-2.630232,-1.6167574,-0.63559794
439,-0.15448388,-0.60541457,-1.0366486,-0.4071471,-0.44420505,-0.07101344,-1.0395424,-0.80828494,0.09602322,0.057994105
440,0.11159599,-0.15297756,-0.08433493,-0.08570599,-0.9260586,-0.49651787,-0.09487752,-0.58415705,0.35575733,-0.5414715
441,-1.712603,-1.287,-2.1010358,-1.5141413,-0.25851852,-1.163424,-2.0789673,-1.6492836,-0.63381445,-2.061054
442,1.275074,2.462206,1.1501474,1.0601465,1.981182,0.590831,1.1715225,1.3270552,0.43026125,1.0997372
443,0.45792225,0.9255647,0.9238012,0.9341434,-0.40043148,0.73655623,0.8354642,1.1103492,0.36074945,1.7392762
444,-0.12739561,-0.5738479,-0.14906728,0.124174915,-0.6681802,0.21563053,-0.15548185,0.5084496,0.24029551,-0.57899064
445,0.26685378,1.9316423,1.2166243,0.3903229,-0.21670346,-0.5227707,1.1564599,0.20921382,-0.15346977,-2.0488958
446,0.39129215,0.18266413,0.655775,-0.10087975,0.099863805,-0.9932796,0.63069785,0.5767344,-1.672881,0.76718175
447,0.7485556,-0.28100398,1.6110725,-1.6388221,0.37402752,0.6943526,1.7383112,0.66736835,0.2256252,0.032634262
448,1.278662,0.26535076,0.65441906,1.5006049,1.9184269,-0.43680638,0.61917835,1.7361746,0.18929423,0.9019952
449,0.9255426,0.24499956,0.95740455,1.1424322,0.7857876,-0.93584067,0.90101504,1.6488931,-0.5261682,1.0752763
450,0.11576028,1.2502011,0.017464576,0.7482679,-1.0518123,0.0025305534,0.017579706,1.1597736,-0.4031144,1.4061197
451,-1.3640183,-1.2714338,-0.3521906,-1.5996233,-0.4923045,-0.89291847,-0.349695,-1.1373862,-1.0559157,-0.9396046
452,0.33710435,0.6944372,-2.1607125,-0.30496097,-0.7808816,0.12538801,-2.16125,-0.32275313,-0.6021357,-0.70565665
453,1.4955596,1.4836972,1.1151019,1.1953758,-1.7235667,1.2213179,1.0636835,1.3364296,1.1314161,1.065047
454,1.3613539,0.32529065,0.1882024,0.42505538,0.31324166,2.0686693,0.16352516,1.7038429,0.015625356,-0.36833608
455,-2.003628,-1.0698946,-1.2059532,-2.105465,-0.16052894,-1.7688268,-1.1884296,-1.6260663,-1.0656418,-1.5226619
456,1.7676734,1.2468567,1.5425698,0.8186835,-0.5907065,-0.07178328,1.5784537,0.46829233,0.58770365,1.8306417
457,-0.23783183,-0.1203595,0.23020281,-0.017897634,1.2636765,-0.43412995,0.21358941,-0.82066524,-1.3145645,0.5770226
458,-0.24850366,0.45880395,0.8221535,-0.13132615,0.45181656,0.30734465,0.811883,0.7402838,-0.06690661,0.45842442
459,-0.52236074,0.21594517,-0.053604748,0.3919201,-0.20054047,-0.29734626,-0.069301024,0.16932172,1.1254275,0.018968146
460,-0.09495213,0.50131595,0.8819941,0.16801463,1.4513692,0.0025610449,0.8446689,0.2642478,0.07363765,1.5821072
461,0.98824066,0.37707832,0.83611065,0.4869674,-1.2268795,0.1432847,0.7807484,0.7264235,0.43916753,1.3666497
462,-1.1998743,-0.72863245,-1.5356822,0.20079263,0.31999135,-0.45937473,-1.543679,-0.2932297,0.31036884,-0.8913509
463,-1.2839599,-1.9148846,0.032250226,-0.9273571,0.30086043,-1.0701243,0.02320592,-0.034991954,-0.023759643,0.5730946
464,0.28194013,-0.60343045,-1.0688714,-0.7986756,-0.3637671,-0.5292277,-1.0395017,-0.8213431,-0.93718106,-2.2223225
465,0.9812698,0.89318603,0.4000002,0.46119487,-0.13965383,-0.35477117,0.38567844,1.2932473,0.42301226,1.4873759
466,0.6987215,0.57618666,0.7408401,0.4857396,1.4648163,0.09961566,0.69404006,1.1225789,0.16197601,1.4987081
467,0.20809649,-0.5361035,1.0398322,-0.19637966,-0.67407787,0.19585028,1.0158242,1.503275,-0.17296761,-0.2709398
468,-1.5351975,-1.6005021,-1.0331477,-1.0165896,-0.6627581,-1.2916898,-1.027029,-0.84550565,-2.33339,-0.1439837
469,0.36412153,0.344372,-0.5576449,1.0726203,0.16392623,0.2818782,-0.55810744,-0.33263534,0.15785061,-0.94671345
470,-0.9233162,-1.0419183,-1.8910034,-0.40198374,-1.2871205,-0.31017312,-1.8829882,-0.9457714,-0.5781554,-2.2624302
471,0.76855505,0.63240534,-0.2414202,0.28376,-1.0774626,-0.48018184,-0.2548945,-0.05367966,0.33305767,-0.15747038
472,0.9092746,0.6839732,0.44787586,0.98763347,-0.7716183,-0.1395998,0.4274135,-0.36610118,0.15116568,1.6344888
473,0.27401412,0.40627846,-1.9389662,0.6791537,-0.19334383,-0.35287738,-1.9019887,-1.0388197,-0.16834885,-0.9019354
474,0.11959546,0.05922333,0.9204942,0.30385768,-0.43278372,-1.1095129,0.95338804,0.8404726,-0.78385895,-0.73280746
475,-0.6867056,0.41302672,0.04203771,0.25219154,-1.69467,0.5172789,0.032690477,-0.85403204,-0.7514351,-1.0180598
476,-0.860387,-0.027790142,-2.1595988,-1.0779779,-0.39326692,-1.1174228,-2.1453986,-1.5793487,1.0628949,-1.2959201
477,-1.3718925,-1.1574571,0.43566307,-1.5687176,0.40457803,-0.46062773,0.4066768,-1.5721419,-1.1510922,-0.7684175
478,0.48171398,-0.6374183,0.35653746,0.18354443,-0.6527418,-0.9290035,0.363712,0.048835047,0.5242014,1.5586524
479,-1.4780574,-0.061007064,-0.18116699,-0.56406164,-1.5020638,0.21675117,-0.18966046,-0.86594146,0.087949686,-1.3089343
480,-1.2746745,-1.7221035,-1.4276711,-2.0688324,-0.80401266,-1.4931464,-1.3937664,-2.329104,-1.4550384,-0.027215691
481,0.83925474,1.0428785,1.2874233,0.7994601,1.5061862,1.4694079,1.2798026,0.8168004,0.8814047,0.7390183
482,-1.2692691,-1.3712077,0.63213176,-0.22665925,1.9842538,-2.399,0.5889844,0.6937156,-1.1746306,0.16007641
483,1.040887,1.1085238,0.4611729,-0.013146572,-0.71175194,0.652611,0.41767588,0.07247715,2.264548,0.15823124
484,0.90757704,0.08389772,0.49450696,0.6335505,-1.0738701,0.5265845,0.4643579,1.0938348,-0.062316768,-0.109427884
485,-0.56937605,-0.8727765,-1.256672,-1.0632168,-0.72152597,-0.48048672,-1.2315408,-0.6429087,-0.9065317,-1.7062325
486,1.1344194,1.661327,1.2377442,1.4557503,-1.2356908,1.512127,1.1756965,0.63791335,0.9907796,0.7707286
487,0.39801425,0.09381198,1.1192722,-0.18508711,-0.7412762,0.43446898,1.0270131,1.5309674,-0.029759007,-0.17720075
488,-1.034993,-1.5738547,-0.89154047,-1.3358632,0.17841396,-0.90794766,-0.895094,-1.7420486,-1.7143103,-1.4394877
489,-0.93946457,-1.152293,-0.256929,-0.17711578,-0.7835233,0.42910185,-0.2665209,-0.3982895,-1.2699504,-1.4828546
490,0.27688986,-0.3726282,0.2957919,0.72262186,0.10901041,0.4748816,0.26773056,-1.5922906,0.60492474,-0.07165482
491,1.6533053,0.99770933,0.093291044,1.2778758,-1.7245941,0.47394574,0.08754038,1.008368,0.261879,1.4448732
492,0.12890634,0.073440984,0.10360124,-0.6241272,1.5922076,0.5259536,0.10143386,-0.64806324,-0.11719936,0.6775537
493,0.11326202,-0.57232213,1.0627276,-0.56914324,-1.2888163,-1.041769,1.0582511,0.5622455,-0.20245042,-0.34223914
494,0.88497376,0.35809448,-0.38725406,0.51528347,-0.44796398,1.2386436,-0.44248402,0.3367057,0.6003322,0.4011898
495,0.22282137,-0.61572516,0.59676176,-1.3052877,1.6692377,0.09401538,0.5268748,0.42812666,-0.7769171,1.3472073
496,0.2420807,-0.9714116,1.1164215,-0.24927418,-0.27263394,-0.6810126,1.1099725,-0.62399507,-1.3818576,-0.3591413
497,-2.1973805,-1.2267776,-1.0400169,-2.2820868,-0.62786275,-2.4951818,-1.0211333,-1.8708755,-1.2456776,-1.5213898
498,1.953962,2.0647976,0.30457988,1.3482832,-0.00136776,0.71022815,0.27262622,1.1951288,0.24306007,0.45139724
499,-0.13106956,0.8392899,1.6140863,-1.2815793,-0.9126884,0.17841318,1.9304926,0.48438883,0.047108427,1.2273235
500,-1.0802352,-1.9515882,-1.9740603,-1.6484183,-0.02095285,-1.9167382,-1.953439,-1.8915141,-2.4515932,-0.23832335
