BlendProperty1,BlendProperty2,BlendProperty3,BlendProperty4,BlendProperty5,BlendProperty6,BlendProperty7,BlendProperty8,BlendProperty9,BlendProperty10,ID
0.01843293,0.15979886,0.64573514,0.32346117,0.3070758,0.7399236,0.5465493,0.22555119,-0.1902006,0.2006968,1
-0.5680979,-0.67842007,-1.0653485,-0.065848924,-0.73517966,-0.005364605,-1.1626446,-1.1929337,-0.66382277,-0.0031449322,2
1.7551403,0.95110214,0.9192721,0.5182104,2.1275477,1.3512386,0.8850755,1.8649286,0.47836417,1.9815336,3
-0.42869517,0.42768663,0.5354767,-0.33082655,1.9147643,-0.32119805,0.40111667,0.58411896,0.676231,-0.9011194,4
-0.14068471,-0.5957401,1.0690453,0.2027939,1.7364272,0.16732661,1.1469554,0.065052874,-0.58969045,0.93278104,5
-1.5658332,-1.749019,0.32886496,-1.6378688,0.02894168,-1.6200037,0.4069551,0.07830767,-0.8834139,0.101277605,6
0.9033486,0.43297145,-0.06165575,-0.10710025,-0.10408634,0.39255846,-0.080389254,0.11351991,1.1012373,0.4772093,7
1.9083451,1.1287457,0.6627443,1.4194957,-1.4723985,1.3902668,0.798471,0.74456406,1.5793462,0.28714386,8
1.1949801,1.0219808,1.0516293,1.7803619,-0.52926445,1.1975398,1.2176541,0.0031544154,1.3547558,0.9179663,9
-1.0014988,-0.86659634,-1.9394194,-0.7932279,-1.1821561,-0.44233286,-1.5525455,0.06623867,-0.6350309,-1.0782524,10
0.11032558,0.3472984,0.8441896,0.47853306,1.8279152,-0.17395441,0.8510888,-0.14855096,-0.59668034,1.0486381,11
1.1535119,0.63538164,0.72961885,-0.18274868,1.0224519,0.48558804,0.6673738,0.71574837,-0.23109585,1.0576156,12
0.65743434,-0.13627587,0.863552,0.1501369,-1.3831762,2.0828693,1.1089289,0.8221298,1.314952,1.8197929,13
-0.5930155,0.60631484,0.49964267,-0.6401117,2.0861099,-0.49175465,0.5276592,0.25033802,-1.1832443,-0.4349106,14
0.68837976,1.9374759,0.6578703,1.596044,-0.20563716,0.48919988,0.60464174,1.0673376,0.52866656,-0.6889711,15
-0.15841027,-0.7524066,0.78196657,-0.8511555,0.4641009,-1.1755128,0.7249174,-0.08167206,-1.4469167,0.14303634,16
-1.3012722,-1.1119123,-0.106624804,-1.4485279,-0.77870995,-0.030782798,-0.07897651,-1.0296195,-0.3263529,-1.1878624,17
-0.4235694,-0.23414469,0.53999144,-0.39182115,-0.03349769,-0.16620295,0.4756895,0.9159845,-0.07369423,-0.9378187,18
0.18497428,-0.14555933,0.94507635,-0.6556106,1.7279146,-1.0104866,1.0129656,1.2837319,-1.3065509,1.3479074,19
-0.32630786,-1.2003794,0.52016157,-0.67312723,-0.76233035,-0.75626135,0.49865457,0.2574294,-1.1767882,-1.2833158,20
-0.14050932,-1.8926864,0.3465248,-0.9933491,1.7508681,-1.8296751,0.1705325,0.38506988,-0.7529674,0.6513984,21
0.2025345,0.8909477,0.0064594625,1.5902818,1.2138934,1.7083731,0.07295011,0.6619741,0.46292558,1.3407677,22
0.9122302,1.4029891,1.0671505,0.81710094,1.6017777,0.33341706,0.9670487,0.80771726,0.37020627,1.6481562,23
0.055698615,0.6334081,0.27501836,0.38211033,-1.0142394,0.17876318,0.20486383,-0.33902818,0.029994601,0.07897816,24
-1.4615571,-0.96814877,0.07734075,-0.77298397,-0.5540546,-0.20169532,0.07612439,-1.0948058,-0.25711137,-0.009760409,25
-0.5914028,0.008531946,0.37037522,-0.5405438,-0.3166055,0.019974051,0.15492454,-0.907999,0.31913874,-1.3127679,26
1.0690951,0.73756236,-0.0147445435,1.5324103,-1.3118055,0.56175727,-0.14235568,0.5078538,0.6970365,-0.90892625,27
0.21887746,-0.30118418,-0.408185,-0.80524415,-1.1616715,-0.25196838,-0.37616977,-0.93358946,0.75457674,0.7663381,28
-0.7272498,-1.285104,-0.070692234,-0.5622239,-0.4325422,-0.73630756,-0.15528585,-0.8762286,-0.5510396,0.22424649,29
-0.32524446,0.39935878,-0.69799405,-0.7366436,-1.4883626,0.6008239,-0.79019135,-0.6306787,-0.16292053,-1.5491416,30
-1.2192831,-0.30886254,0.19564654,-0.5125072,1.1693248,-1.17594,0.22812684,0.10869456,-1.8683639,0.44014436,31
-1.2451291,-0.47655463,-0.17739928,-1.1128893,0.37408468,-1.4930309,-0.062323585,-0.29396206,-0.8427904,0.29771024,32
0.71452653,0.59174806,-0.5303847,0.3848267,0.14000787,-0.4020598,-0.65020454,0.02731209,0.35299534,-0.30372787,33
0.7815445,1.0487875,0.19001149,0.02182619,-0.9823819,0.18136911,0.15560794,1.3229835,-0.06593443,-0.7977448,34
-0.88994616,-1.1522124,-0.091841206,-0.9666738,0.1373413,-0.47329947,-0.023083271,-1.2129177,-1.9204066,0.17299174,35
1.7745801,0.38842162,0.5317767,0.7561361,0.9923685,0.39743772,0.41508588,1.1186196,-0.3763852,0.67770183,36
0.1441758,-0.16425195,-0.65537196,0.079523146,-1.2817935,0.17184123,-0.56018424,-0.3801216,1.6649449,-0.31790385,37
0.40176097,0.87648445,0.4008192,1.2488259,0.31285435,0.6409928,0.20937827,-0.014447615,1.0740124,-1.205544,38
-1.8182318,-1.5489786,-0.06425966,-1.5364145,0.25319594,-0.047675245,-0.100328736,-1.3644727,-0.77910626,0.009399365,39
-0.06636881,0.78611803,0.55771625,-0.3228568,-0.22528258,0.20981783,0.5534445,-0.21666366,0.59139055,-0.51586103,40
1.8822461,1.3259284,1.4786645,1.5313083,2.0597844,2.1744635,1.6230589,1.0723599,1.038018,1.7813915,41
1.743885,0.5050759,1.0709597,0.2911052,-1.219861,0.4144917,1.0548904,1.0039227,1.3550208,2.063812,42
-1.5365471,-0.35700396,-1.0405035,-1.1741087,-0.48671803,-0.67189676,-0.8108395,-1.7784486,-0.9469702,-1.1824819,43
1.1870788,0.36327854,0.21261925,0.42369798,-0.3364098,0.5702311,0.090948425,1.8484962,0.21811953,0.09609134,44
-0.46267924,-0.58127284,-0.039253425,-1.4795247,1.743122,-1.516433,-0.0066049835,-0.2892256,-1.6535174,0.45571652,45
0.55181867,0.92363435,0.6908869,0.6329918,0.48427173,0.7412926,0.5367183,0.20541632,0.8362347,-0.9090913,46
-1.2663678,-1.8174943,-1.005208,-1.2419051,-0.06725612,-1.9569963,-0.5721112,-1.035948,-1.8431917,-0.360111,47
-0.36297593,-0.04749393,-0.46339434,0.13770434,-0.44142884,-0.40256238,-0.4048519,0.012873235,0.62711954,-0.87368983,48
-0.5372276,-0.889686,0.600597,0.10870928,-0.9306156,-0.78277594,0.52394104,-0.15365128,-1.5772016,0.015161747,49
-1.6908278,-1.2108163,-2.193666,-0.7536926,-0.5633146,-1.384751,-2.004095,-1.5868607,-1.8926071,-1.4939994,50
1.9202037,0.7972433,1.6075873,0.45410082,2.0025682,-0.5373536,1.6868976,-0.2915979,-0.23336889,2.0081973,51
-0.0014481838,1.0081891,1.2869277,-0.25857836,0.9110903,1.3031348,1.3626035,0.6449721,0.65325254,-1.0346253,52
0.15002841,0.23618975,-0.38242397,-0.8083165,0.028919509,-0.58378226,-0.37152526,0.44948268,0.566951,0.58442944,53
1.3988246,0.73114127,0.30970952,0.6203857,0.4647424,-0.15292282,0.11020341,0.5608333,-0.6652771,2.0906734,54
0.48378944,0.56532574,0.5327248,0.22762091,-0.11063895,1.2159534,0.5939799,0.053892396,0.8134855,-0.39546597,55
1.0276366,0.1818715,0.53886145,0.11689941,-0.08107883,0.7808517,0.5138831,1.3171912,-0.25801772,-1.2676013,56
0.0019400356,0.2738573,0.5075307,0.2371777,-0.20160417,1.0876783,0.45949486,0.19982363,0.6928237,0.7024039,57
-1.6193804,-0.9399938,0.49288106,-0.47382936,1.4409341,-0.53483814,0.517379,-0.43007258,-1.7998885,0.123158485,58
-0.42711893,0.35567805,0.3635054,0.7388274,-1.3440531,-0.58197993,0.3427271,-0.3562621,0.40705827,-1.8011535,59
-0.9248147,-1.5468073,0.14205472,-1.4739199,1.3570045,-0.830835,-0.0236586,-0.86001515,-1.0049164,0.65348345,60
-0.30106282,-0.12364707,-1.9479984,-1.0746862,0.05116276,-0.77936304,-1.8199431,-0.73976314,-0.39557907,-1.1648148,61
-0.23201457,-1.0936774,0.09087259,-0.60433316,-0.93308765,0.56584555,-0.08496545,-1.0578102,0.96850526,-0.8558819,62
1.0185791,0.3604337,0.74712074,1.6551349,-0.22864003,1.3104907,0.6865412,1.0987464,1.1954175,1.1654545,63
-0.39243996,-0.45898497,0.53114367,-0.77236277,0.92139786,-1.1046501,0.6278279,-0.097893454,-1.1387051,-0.20306358,64
-0.5119094,-0.47862014,1.0159545,-1.1510953,0.14911868,1.2643973,0.9624581,0.7017925,0.6922921,-0.9062487,65
0.59893656,-0.45541847,-0.3037973,-0.5526758,0.47620466,0.09963721,-0.043243695,-0.29840168,0.46887705,-0.24230315,66
0.9015854,1.6133866,0.795917,0.41372535,-0.1464985,1.2849798,0.90176547,1.344165,0.96870404,0.69481224,67
-0.748919,-0.7391305,-0.98617,0.24888504,-1.0494379,-0.59812677,-0.8800016,0.2250061,-1.0167136,-0.48215896,68
1.5551686,1.3655488,0.6049081,0.9734566,-0.4485647,0.008731388,0.59887403,1.2541797,0.118587226,1.7821048,69
-0.1958707,-0.21167882,0.3550332,-0.30674392,-0.29330418,-0.8269458,0.096793994,-0.5588502,0.12613353,0.58010584,70
-0.47345155,-0.2866579,-0.095122166,-0.5876102,-0.7848882,-0.74745065,-0.16465221,-0.23810583,-0.39803985,0.74030215,71
0.5167811,0.24056476,0.16859068,0.5931307,0.28547198,1.1212953,-0.008616484,0.46121442,0.33909416,-1.0031979,72
0.5932257,0.7703403,1.5578516,-0.4933845,2.1004505,1.0664674,1.5695537,0.4735944,0.04399679,1.4015574,73
1.6669266,0.9181881,1.1816479,1.0219443,1.5490265,0.08338714,1.2438895,1.1045417,0.405297,2.1070817,74
1.1833761,0.66724175,0.05804287,1.1589262,-0.53559834,0.015560028,0.093581006,0.5742976,0.7647342,0.44850442,75
-0.58872384,-0.19228001,-0.13817781,-0.19579609,-0.2991418,0.43220285,-0.15148209,-0.5915304,0.11155935,-1.2270987,76
-0.60091203,-0.04333077,0.598039,-0.62595755,-1.1497281,-0.3109308,0.6851582,-0.796617,-0.7150487,-0.99807996,77
0.76723886,1.0879886,1.0166838,0.3934579,1.1321821,2.0295627,0.92075473,1.8762532,0.39776862,-0.42154545,78
0.9570579,0.9815271,0.3420098,1.0297244,-0.6319578,0.34648085,0.012014369,0.83624,1.0651853,0.05654848,79
0.65974385,0.46507332,-1.1803323,0.0015890345,-0.69733673,0.30729538,-0.9778826,-0.13196635,1.7459198,0.54986,80
-0.41318792,0.70963347,0.9792436,0.24128464,-0.45618963,-0.57173026,0.9751716,1.1845069,-0.114951245,1.2732031,81
1.4636286,1.0451324,0.93393356,-0.14499144,0.32981625,0.8672238,0.8936697,0.52949923,0.41508737,-0.4841153,82
-0.6142589,-0.14111838,0.62004083,-0.8615714,-0.74585503,-0.18253817,0.3953633,-0.100008905,-0.14306441,0.41493416,83
1.0346416,0.63508856,1.1905628,0.48786414,-0.48876745,1.4672483,1.2335908,1.8209913,-0.24641591,0.6854972,84
-0.50028473,-0.45386922,-1.3582668,-1.195674,0.08205378,-1.885849,-1.358877,-1.543077,-0.98080784,-0.23099299,85
0.18072596,-0.7021173,0.91737944,-0.3730781,1.4271204,0.07037075,0.82836425,0.30950713,-1.8710164,0.6601284,86
-0.9185863,-0.94428766,0.91843975,-0.80857134,0.010154,0.44723302,0.87842613,-0.6603145,-0.48587537,-1.2247701,87
-0.7851849,-0.14396279,0.30206716,-0.5816943,-1.0968853,-0.6380834,0.35682088,0.059595793,-0.6230387,-0.584766,88
-0.20566362,-0.29394495,0.48370144,-0.2919634,-0.470053,-0.7292004,0.3275838,-0.8650554,-0.6306991,-0.6292903,89
0.3740991,-0.68555254,0.8087994,-0.23119357,1.7306662,-0.64590937,0.8392962,0.066027954,-1.3980069,0.66677165,90
-0.23090939,-0.66218394,-0.12800784,-0.16616441,-0.8583714,0.048677195,-0.26705313,-0.18707106,1.1751336,-1.507377,91
-1.5343212,-0.40729883,0.3186564,-0.7487166,-0.49170405,-0.9509062,0.21352002,-0.97949135,-1.2054932,-0.61394536,92
0.58244,-0.86277956,1.3407153,0.6915031,0.9055409,0.14641663,1.3956995,0.59171075,-0.16113116,0.9007409,93
1.9888784,0.8716846,0.7613755,0.8557105,-1.0373087,0.40058878,0.8861204,0.9697002,1.0691583,2.0768116,94
1.0133854,0.7879625,-0.283962,0.76984787,-0.2594737,0.98309034,-0.34511733,0.4601107,1.7844573,-0.835171,95
-1.4841504,-1.0624219,0.07605572,-1.4613479,0.4746237,-1.9470123,-0.019108355,-0.090564676,-1.6998898,0.021368641,96
0.2647809,-0.016173419,0.12659569,0.0637043,-0.18141727,-0.22616164,0.14625472,-0.28965914,-0.22490133,-0.830549,97
-0.7510018,-0.23627803,0.21567382,-0.9285135,-0.98292863,-1.2397249,0.057300128,-0.077835456,-0.18851268,0.21290042,98
-0.16914809,0.12067843,-1.6551943,-0.047429852,-0.05164265,-1.2870836,-1.7667769,-0.7479738,-0.068898305,-0.85683787,99
-0.27572578,-0.47392783,-0.40853015,0.6831025,0.4868052,-0.21112682,-0.33293197,-0.50852937,-0.6456617,-0.5669133,100
-1.2877582,-1.6347718,-1.686425,-1.1083261,0.48334235,-0.8553311,-1.7123549,-1.8804854,-1.333396,-0.47394577,101
-0.8243125,-0.84007215,-0.41065493,-0.8876732,-0.8315244,0.040659934,-0.33384758,-0.48207504,0.06703923,-0.011227335,102
-1.9552318,-1.3221104,-1.1162789,-1.4315754,-0.90005076,-1.1553005,-1.3236611,-1.3202506,-1.4495488,-1.459928,103
-1.0424051,-1.1923785,1.0130451,-0.36799222,0.6678149,-0.283238,0.88112277,-0.5507458,0.014791548,0.20882417,104
0.7660375,0.39490116,1.0606362,0.3598573,0.108054474,0.2600627,1.0627726,0.66566277,-0.7544778,0.42318073,105
0.6110445,0.7424718,-1.8510479,0.16231185,-1.5003046,0.5149235,-1.7818792,-0.72603434,1.9143622,-0.581948,106
-0.6709136,-0.83320296,0.1371759,0.31335816,0.32952243,-0.4171234,0.10154623,-0.19014297,-0.1391229,-1.0202715,107
-1.0004983,0.12914263,0.058156796,-0.8657709,-0.828933,0.46332687,-0.0016367016,-0.5995846,-1.0711716,0.0010790778,108
0.4413658,-0.048309762,0.8077312,-0.23954713,0.47649935,-0.46999294,0.61704576,-0.023095263,-1.2252773,0.9304145,109
0.68974906,0.17055789,-0.83999044,0.9437481,-0.43429273,0.5286435,-0.86499906,-0.5159224,1.1486366,-0.6282382,110
-0.037418142,-0.08188986,1.4415883,0.5016453,1.353882,-0.34235442,1.5422604,0.7953322,-0.15515243,1.1955898,111
0.6803257,0.3461324,0.44160318,-0.33080128,-0.27408686,0.21743305,0.4650392,1.1154753,0.8055825,1.2809424,112
0.082367145,-0.24510604,-0.3253616,0.34931925,0.18856514,-0.60230917,-0.4554792,-0.51139194,-0.3026172,-0.747303,113
-0.355621,-0.8758712,-1.041475,-0.75036114,-0.8207084,-0.2663797,-0.94405055,-1.5756596,-0.26591945,-0.30289453,114
0.9408057,0.08039995,-1.3511333,0.7365699,-0.36829937,1.2389381,-1.2132115,-0.3582947,0.6655454,-0.41169092,115
-0.6890647,-0.3463614,-0.7426086,-0.13506371,0.39796662,-1.2278802,-0.70914054,-0.5394936,0.2650147,-1.0141217,116
-0.23338029,-0.44202748,-1.5517894,-0.92987365,-0.7997737,-0.025597634,-1.6325277,-0.8511418,-0.19181743,-0.42049423,117
0.15598793,-0.15286313,0.608321,-0.68097705,1.992651,0.57646614,0.62235874,-0.20485474,0.63407725,-0.3863403,118
-0.30441105,-0.5996927,-2.1748526,0.07993105,-1.503004,0.26882556,-2.0823238,-0.69329566,1.1973145,-1.4496157,119
0.9724556,0.41075578,0.34615102,0.9744117,0.2963181,0.4915403,0.39414534,0.3694363,-0.009802994,0.6914906,120
0.32027176,0.094859384,0.08870313,0.30883145,-1.1086601,1.3990682,0.12065493,0.357015,0.8764083,0.045988925,121
-0.42706844,-1.0365187,0.3810438,-1.1721786,-0.13018845,-1.1857035,0.32247642,-0.73055226,-0.30194497,0.7884957,122
0.11183764,-0.31549054,0.036095824,0.15377407,-0.23274316,0.40058413,-0.1610117,0.3581736,0.41725287,-1.3887504,123
-0.47641894,-0.9202065,-1.2549195,-1.2793486,0.11954923,-1.1879039,-1.2876313,-0.8326296,-0.717136,-1.2935823,124
-2.0171137,-1.8749615,-2.2380648,-1.6956619,-0.16653143,-1.8905227,-1.7342408,-1.5075264,-0.92592764,-0.3440725,125
1.0449185,1.0996528,0.073085964,-0.04765049,0.40876722,0.6973681,0.18978012,0.25639263,0.31017327,0.38533935,126
-0.9691414,-1.371068,0.8218232,-0.31512743,2.0252018,-1.5474327,0.8785261,0.28647858,-1.2577872,0.19308954,127
0.38667744,0.61767775,-0.8972826,0.7005569,-1.2814404,-0.6578002,-1.0586402,-0.4227892,1.1406338,-1.0397655,128
-0.09608703,-0.86768115,-0.07438514,-0.6888798,1.8837019,0.28596038,0.0118883345,-0.5641684,-1.4087925,0.12619922,129
1.2938582,1.512701,1.3633314,2.2019167,1.7386355,1.8576244,1.4911289,0.8999216,0.43934396,0.4358315,130
1.9450488,1.428639,0.7659429,1.7757394,1.8772051,1.6468551,0.72593284,2.0475135,1.0080155,0.1731509,131
1.4998385,1.3936824,0.7355858,2.0088148,-0.8913444,1.0905309,0.887754,1.5936538,1.6985908,0.067046486,132
0.74440014,1.2594706,-0.99001753,1.4782953,-0.5363998,0.7205945,-0.7126024,-0.229978,0.3761825,-1.2881706,133
-0.9340327,-1.8690265,0.066463664,-0.98198885,1.412403,-0.9034619,0.16608769,-0.4054765,-0.15718308,0.3527066,134
-0.5400488,-0.086080335,-1.2893614,0.3126246,-1.2390306,0.8248817,-1.4299587,0.26403952,0.49834165,-0.35784322,135
0.5231481,-0.2177524,-0.13588107,0.05751339,1.0035712,0.5192894,-0.032787424,0.23165591,0.44937018,0.38451782,136
-0.6015862,-0.5350165,0.37512162,-1.1871715,0.46339855,-0.35342482,0.08574736,-0.5439161,-1.6190008,0.7539321,137
1.4437503,0.12003774,0.37492102,1.5147784,0.19979663,0.3760301,0.46685478,-0.23023239,0.6276346,1.6642431,138
0.119322166,-0.67035466,0.36027938,0.26400226,1.9478577,-0.93034184,0.47500205,-0.1988561,-1.3409107,-0.39090696,139
-0.96941596,-0.27838516,0.9307677,-0.9301526,-0.09207398,0.8352228,0.8784274,0.7368908,0.31988135,-0.09491404,140
0.6449184,0.4189262,-0.87589574,0.19028096,-0.3452662,-0.7462905,-1.0668344,-0.39190835,-0.52312535,-1.1288357,141
-1.376349,-0.6626874,-1.9687772,-0.6966736,-0.9213654,-0.5433033,-1.8786063,-0.35440746,0.22009808,-0.46998042,142
1.0016004,1.0228623,0.64166254,1.1144477,-0.94688094,0.47151673,0.4636622,1.0716627,1.083869,1.0176057,143
0.13779177,-0.16379447,-0.11950373,0.04001347,0.46527755,-0.013249149,0.0045366827,0.8987794,-0.7046332,-0.41479895,144
0.7774605,0.9586594,0.6584472,0.5242996,0.055793885,1.0379978,0.5036142,0.29541212,1.5550807,2.18568,145
0.092158206,1.0713896,0.28339103,0.27006215,-0.595164,1.6211488,0.09422493,0.48793414,0.49576455,-0.31845242,146
0.4133975,0.6546616,0.1881638,-0.48437038,-0.35312456,0.02157055,0.052789588,-0.5147303,0.09975878,0.03676577,147
1.3018324,1.1099509,-0.1597468,1.402239,-0.108406834,1.2208742,-0.2467836,1.3403034,0.782695,0.2631601,148
-1.4808793,-1.2166384,-1.4929658,-1.4727119,0.042763505,-1.758669,-1.4927777,-1.5028254,-0.3473352,-0.2522173,149
1.3069341,1.2866082,-0.32716966,0.16947255,-0.49394688,0.8678844,-0.37276623,0.2237485,0.82374066,-0.7489644,150
-1.3921148,-0.5418068,0.08202578,-1.2831426,0.48158404,-1.50282,0.1582451,-1.115495,-0.7029258,0.2538618,151
-1.101604,0.11806754,-0.24528287,-0.56046927,-0.23012541,0.1976791,-0.4287529,-0.63534117,-1.5542297,-0.8663154,152
-0.26514894,0.24417168,-0.912172,-0.46244323,-0.45203233,-0.16691859,-1.0575231,-0.86503714,-0.8366357,1.0696914,153
1.4684167,0.5189024,0.6461192,0.8897823,-0.31129095,1.4266934,0.6015916,1.4765654,2.0510056,0.20382075,154
1.2276675,0.44181857,0.68355125,0.56898457,-0.8193719,0.44331244,0.753952,1.5406712,0.50049806,0.6949241,155
1.168443,0.48053238,-0.739445,0.700496,-1.3141563,-0.24531688,-0.46184468,0.47297722,1.6276517,0.49455386,156
0.06509971,-0.28168666,-0.24597006,0.00985909,0.4904728,-0.69409883,0.017952373,0.42057154,0.09867981,1.2665753,157
-0.88037676,-0.5537257,-0.09000241,-0.19688834,0.009768479,-0.010720989,-0.08240675,-0.32648352,0.7390365,-0.16262731,158
-0.048521683,-0.26094314,-0.09644751,-0.23666403,0.7160091,0.37877727,-0.091479264,0.41540787,0.08918321,-0.42850408,159
0.73621905,0.288381,0.5232028,-0.14591323,-1.3217076,0.30132055,0.5241378,-0.34662324,-1.0448898,-0.6868276,160
0.59936726,0.09256651,-1.5769521,0.42246637,-0.41724786,-0.019996436,-1.6325352,-0.5386531,1.315272,-1.1797193,161
1.1072874,1.564416,0.33224174,0.8168285,-0.44176373,0.94140685,0.3053141,1.0291578,1.2392931,1.9319887,162
-0.5786749,-0.7699623,0.35179198,0.1460563,1.8434782,-1.2011995,0.270143,0.7651924,-2.0555677,0.62488055,163
0.53360873,-0.43407175,-1.5013721,0.66003287,-0.23865496,-0.5128947,-1.4763432,0.15411776,0.15269133,-1.0795592,164
-0.69984937,-0.7160866,-0.73392195,-0.49905923,-0.39720154,0.07193681,-0.6243404,-1.0347397,-0.4955456,-1.1081296,165
-1.1258014,-1.135782,-0.12135695,-1.2053659,0.10873436,-0.71336365,-0.16763319,0.044500772,-0.42112204,-1.2365601,166
-0.45888907,-0.36890352,1.2608615,0.093341485,0.3902212,-0.79848504,1.0708517,0.09115152,-1.44247,0.20140964,167
0.25558013,-0.102625474,0.54386145,-0.7734054,-0.11395602,0.45393124,0.5210903,-0.48906633,-0.31316444,0.07154943,168
0.31756163,0.034386225,-2.4412766,0.42733938,-0.6874754,-0.086528026,-2.3563633,-0.43129608,0.4648435,-1.5091408,169
-0.13456808,1.5168649,0.65452135,0.86234623,-0.47481793,0.17321874,0.69956326,0.82126385,0.18050459,-0.58986443,170
-0.18895552,-0.2819022,-0.25920084,0.05508746,-0.67592704,0.56923026,-0.26580188,-0.10163777,0.21173844,-0.981403,171
0.19101723,-0.2496669,-0.41718552,0.5315107,-0.16665618,0.2858411,-0.34304452,-0.73902893,-0.60420096,-1.5612822,172
-1.0065763,-0.66613346,0.36018747,-0.17045102,1.418127,-0.87604207,0.5009449,0.28591412,-0.98599607,-0.38830984,173
-0.6500926,0.5769086,1.4388068,0.48368886,1.770295,0.02334775,1.1861606,-0.38750345,-1.1526579,0.75677264,174
-0.32662356,-0.7182502,0.8595133,0.086900055,-0.66377646,0.28189325,0.91700655,0.07274353,0.19428326,0.6847198,175
0.93457186,1.327362,1.3657323,0.86062914,2.0673726,0.7949438,1.5140692,1.5069455,1.0830082,2.040149,176
0.15584005,0.3225086,0.046384443,0.41529113,-0.38948527,-1.3012347,-0.04528737,0.35565186,-0.4889632,1.1683921,177
0.9768338,0.013154236,0.51837987,1.0375928,-0.5392558,0.8699771,0.47347718,1.1184863,1.2348621,1.0382075,178
-0.73620224,-0.95099396,0.8564094,-1.0077806,0.8028896,-1.2552195,0.7795686,-0.2739944,-0.67647403,-0.16227649,179
0.009823198,0.3414829,0.30051178,0.67218244,-0.1821368,-0.7996609,0.26984003,0.15852804,-0.8062629,1.6273912,180
0.41283467,0.43679065,1.3418399,1.1824899,1.177499,0.71550024,1.546836,1.0983751,0.49927238,-0.29636842,181
0.16199568,0.35694632,-0.86438996,-0.2171329,-0.10363372,-0.2518105,-1.0002631,0.17119558,0.11087869,0.35927302,182
0.6582693,0.9440362,0.92754155,1.206412,-0.39125764,1.195918,1.1853479,1.6752892,0.35453185,1.8653221,183
-0.89642066,-0.10101902,1.4212646,0.4755504,2.4221027,-0.19594486,1.499844,1.4195213,0.0146503,0.41906783,184
1.5866785,1.0846341,0.04333885,0.81079316,-1.0112159,0.24155553,-0.016239217,-0.16230777,-0.16688246,1.7829107,185
-0.5872848,-0.48434946,0.33174148,-0.76328486,0.091618925,0.36484373,0.39162913,0.5284325,0.31759608,-0.17342667,186
0.8540252,0.30103955,1.3207594,1.3604807,-0.0018956318,0.53325397,1.4203318,1.3684739,-0.011121005,1.0958405,187
-0.41319448,0.23142794,-1.2012129,-0.91135556,-0.39021015,-1.1298753,-1.2875098,-0.7637288,0.28987163,-1.3390301,188
-1.3513955,-1.3360784,-0.21961755,-1.3783834,-0.46633315,-1.2095033,-0.39003658,-1.4110644,-1.1635432,-0.7775566,189
-1.5236982,-1.4164206,-1.9942563,-0.80631745,0.21186328,-1.1511528,-1.908687,-1.7079774,-1.2376957,-0.7632937,190
0.7621779,0.23475523,1.1935968,0.97039825,-1.4654207,1.6555845,1.1951735,1.2612973,1.8175284,-0.52849936,191
2.3116956,0.79164356,1.3673121,0.48082653,1.4976037,0.40659365,1.1952715,2.0428004,0.7686807,1.6998487,192
-0.103994966,0.7706516,1.2190739,0.52960765,2.0147521,0.6877528,1.1026256,1.674082,1.5675606,-0.23774265,193
1.1065812,0.1513683,0.20672701,0.007454327,-0.12124117,0.1318504,0.15215039,-0.6241791,0.72694653,1.3043965,194
-0.21785283,-1.0712354,0.0938815,-1.161472,1.5557567,-0.38613328,0.012488761,0.21027793,-0.5967767,0.40497467,195
0.69198906,0.72759116,1.3875079,1.1013862,-0.68559223,1.1386374,1.3997624,1.3100232,0.17003785,0.2160025,196
-0.45720038,-0.08460215,-2.1445296,-1.2740779,0.16131832,-0.6709511,-2.048287,-0.6480091,-0.94836146,-1.5926327,197
0.6011297,0.8739934,1.106475,0.9737689,-0.44895932,0.9880752,1.3108417,1.4185839,0.9157211,1.7316856,198
-1.9189719,-1.358252,-1.4363766,-1.3549119,-0.37639832,-1.7741239,-1.3027799,-1.3315747,-0.7733399,-0.26063484,199
-0.35143802,-0.21833429,0.13566266,-0.65209943,-0.56979364,-0.44096863,0.22695148,0.36651972,-0.5542428,0.5960814,200
-1.7282078,-0.8090522,-1.8502628,-1.8365365,-0.4452905,-1.9150348,-1.9916207,-1.2180151,-0.11111237,-1.5455368,201
1.6233944,0.61134434,0.83892316,0.7398004,-1.2000494,2.0852594,0.73307765,0.8578987,1.6949674,2.1361084,202
1.2962143,1.4019827,0.021390013,0.9113045,-0.21505837,0.17443854,0.069399536,0.79649866,1.1384717,1.8119136,203
2.129119,2.0942912,1.1346598,0.7775995,1.131989,1.0180568,0.7432504,0.60760087,-0.002262411,0.2887228,204
-0.9386951,-1.4391588,0.21564142,-1.5553929,0.86744386,-0.2318787,0.046752334,-1.386478,-0.2264332,0.38853642,205
1.7582842,0.80427843,1.2358416,1.508608,-0.48275444,0.60900897,1.2093043,1.196979,0.50867754,1.989584,206
1.2129734,0.67676115,0.15187602,0.7860705,-0.086614214,-0.1394541,0.22757055,1.680305,-0.3866639,1.7861251,207
0.7693062,1.3916878,0.45939907,1.3397086,-0.39756286,1.6431061,0.43542576,1.5413378,0.78010887,-0.7698799,208
-1.2080183,-1.0084463,-0.40441164,-1.3150979,0.0764561,-0.4918358,-0.33109128,-0.3623619,-1.024874,0.4830209,209
-0.7429934,-0.7620838,0.6754521,0.6716662,1.6391474,-0.2539785,0.70455074,0.88104475,-0.64520687,0.5289718,210
0.21524835,0.5078573,-0.47452748,0.5814795,-0.411709,0.4564362,-0.70926034,0.60136384,0.9911274,0.77072525,211
-0.3119541,-0.21382135,0.3771763,0.22713737,-0.76114786,-0.859884,0.40084636,0.5283066,-0.24745338,-0.66232955,212
-0.35074213,-0.028127039,1.1666808,-0.625464,2.157944,-0.43751714,1.0471665,0.4869294,-0.48328805,-0.86305624,213
0.17108515,-0.031980146,0.99361694,0.15666966,1.392563,-0.35513198,1.0773417,-0.34707204,-0.17730673,-0.18822043,214
-0.3651259,-0.16969839,-0.5643874,-0.27728894,-0.05932478,-0.33201715,-0.50690407,-0.9787827,0.69315916,0.9758802,215
0.70424557,1.8901873,1.3717216,1.1037822,2.0899203,1.3827176,1.5340613,1.6056948,1.548948,-0.6895112,216
1.5541134,1.8315328,1.2909353,0.39728242,1.9631101,0.9513096,1.4804922,1.0067852,1.4086455,0.6250499,217
0.26482067,0.07905961,0.86454463,-0.14275652,0.96048576,0.46678263,0.71148115,1.5363079,0.40621233,-0.7520374,218
-1.5538596,-2.1108334,-0.85545003,-1.1963009,-0.4638799,-1.8633004,-0.8710464,-1.256971,-1.3297234,0.10719965,219
1.4114671,1.5479933,0.7375314,0.13394786,-0.8004433,1.63758,0.6303369,0.0908551,1.5279089,-1.109968,220
-0.43203673,-0.20474572,-0.7975213,-0.25482374,-0.26815808,0.20537108,-0.9464234,-0.5549065,1.1175067,-0.90175754,221
-0.70442736,-1.2130345,0.9933996,-0.28699726,1.3034872,0.005123923,0.98758423,0.3604758,-0.071435675,0.40803722,222
0.23685747,-0.59299695,0.7674642,0.15671833,1.6627896,0.1332196,0.64867735,0.015724218,0.17563471,0.44638178,223
0.47727877,-0.059965085,0.96625465,0.7472689,2.035691,0.7102222,0.8891879,0.46672118,1.1332763,0.80231684,224
-0.9519052,-0.055489566,0.42799014,-0.5969602,-0.40141302,-0.432993,0.34729627,0.50650775,-0.08626501,-0.17025034,225
0.27182838,-0.6787573,1.0501705,0.05245063,-0.38737023,-0.5152588,1.2126192,-1.1118755,-0.99042296,-1.3610382,226
1.7080165,0.77549803,0.6473661,0.7201014,1.9046094,1.3372135,0.67987674,0.98979896,0.48936707,-0.8343463,227
-0.20810993,-0.43721172,0.6636564,-0.72513723,-0.87083876,-0.5989817,0.80643654,0.4467735,-0.65036947,-0.46001562,228
-0.79314446,-0.3010656,0.22663864,-1.3950241,-0.8895769,0.00095933443,0.10773365,-1.3717784,-0.78432894,-0.12605113,229
0.3163502,0.5390292,1.1667682,0.35903883,-1.097867,0.31452903,1.0633867,1.5877808,-0.6052942,-0.99637604,230
0.04160778,0.39781252,-1.8997856,-0.6944753,-1.3694127,0.19726983,-1.9670985,-0.5529947,-0.63356405,-1.4812791,231
0.23190725,-0.29232544,-1.749903,-0.16843556,-0.9949631,-0.22367051,-1.6965512,-0.45857024,-0.3820374,-0.91892576,232
1.2114444,1.6310107,0.6847084,1.6917441,-0.65334094,0.9215279,0.8034198,0.8643186,0.9643063,1.0179757,233
-1.353414,-0.40596098,-1.895833,-1.4774376,0.4590398,-0.9439982,-1.8779414,-1.3119025,-0.15581238,-1.5114677,234
-1.2379794,-1.6612922,-1.1486197,-1.0937804,0.48583692,-1.727123,-0.96643615,-1.1300548,-1.4790143,0.17247641,235
0.53017,0.89676833,-0.4620057,0.84391344,0.302256,1.5617855,-0.3001192,1.1606476,1.5438623,-0.5173066,236
-0.13327909,-0.41236922,0.8203631,0.8463881,0.4376889,0.15111299,0.76079214,-0.06055917,-0.010735483,-0.15693733,237
1.2403908,0.989275,1.1142386,1.8660979,0.7788776,0.7272645,1.1195937,1.3957523,1.6500905,1.9154752,238
-0.6835797,-0.7301688,-1.4639989,-0.067149475,-0.42458165,-1.0684166,-1.4128888,-1.1573206,-0.81939447,-1.0906577,239
1.34424,1.869115,0.83154863,1.6238431,-0.6133374,1.2037033,0.7539096,1.4399434,1.1226584,-0.06360369,240
-0.6723738,0.3836544,-1.1318357,0.49066526,-1.0024227,-0.6760881,-1.399591,0.073674865,0.080095485,0.25729927,241
-0.9523303,-0.08603965,0.24008912,0.039207757,-0.2931386,0.43452594,0.17723666,-0.18104076,0.24604085,-0.4225726,242
-0.27696443,1.2309026,0.28219634,-0.099384695,0.25607145,0.45794326,0.14315137,0.7699689,0.33689263,-0.9680749,243
1.2509961,0.98540854,0.09086214,0.40865484,-0.20393734,0.48622057,0.08952346,0.5029977,0.54383063,-0.30237755,244
1.4165512,0.7626973,0.21943499,1.1626732,-1.319665,0.84911567,0.22243424,0.6270192,1.6011751,1.1270673,245
-1.2173669,-0.4555048,-1.3859608,-0.30108845,-0.98382217,-0.56370705,-1.4066833,-1.3575321,-0.33540514,-1.6354702,246
0.26202515,-0.5507123,0.883751,-0.18441941,0.20401031,0.05244253,0.83628523,1.0001633,-0.5183915,1.2541815,247
-0.68497324,-0.7680054,0.20665175,-0.8889419,0.15959209,-0.037545078,0.20834139,-0.145059,-0.96432817,0.6932469,248
0.79610956,1.53036,0.41159788,0.7373189,-0.3984294,0.12179375,0.30680883,-0.36881548,0.8636851,1.7436692,249
0.59927803,1.5666946,0.8110488,2.0495648,-0.503952,0.21724623,0.9419778,1.2988645,0.20345649,1.7918378,250
-1.3496269,-2.099424,-0.22156483,-1.3427553,-0.23721421,-1.610768,-0.004781235,-0.96278155,-0.36617076,-0.087102525,251
-0.94423306,-0.08423711,0.21482167,0.089352496,0.29178572,-0.5085991,0.21464616,-0.45407444,-0.36926484,-0.75108635,252
1.6976132,1.9228337,0.68476737,1.5596181,2.0103345,1.7759465,0.6888979,2.2133832,1.7857052,0.6899574,253
0.27734578,-0.22355062,0.26941037,0.45393872,0.9915188,0.86981076,0.1863028,-0.7516579,-0.35451058,0.1194678,254
-1.4281962,-1.7699957,-0.9271178,-1.2976719,-1.1098114,-0.71887887,-1.0836054,-1.8387429,-1.1125362,0.18801285,255
0.61830145,0.5913583,0.87839687,0.22382209,0.46670485,1.0669752,0.95346093,0.14020327,0.68725353,-0.78370374,256
1.0788808,1.3274865,0.837979,2.0948799,-0.050839193,1.0743718,0.7666018,1.4266003,1.4415708,2.1868114,257
1.3861414,1.1023085,0.43409708,1.8232615,-0.40995824,0.62935853,0.39077145,1.4517415,0.80493087,0.651524,258
0.646333,0.37198865,0.49171576,0.7829405,0.11633201,0.163881,0.43238655,0.41107944,0.26814136,-0.4209255,259
-1.1051091,-0.58634144,-1.714622,0.061748557,-0.5044951,-0.4228677,-1.7648083,-0.46728238,-0.013971956,-1.4688457,260
0.11306423,1.4680557,1.3133305,0.11987502,1.6175578,2.0716512,1.462114,1.5940648,1.5815665,-1.0491333,261
-0.38283035,-0.67569077,-0.6575044,0.030526513,0.45054266,0.15584028,-0.5705992,-0.3364698,0.4857931,-1.004191,262
0.21143284,0.8627394,0.5901945,1.2960427,-0.86729676,0.3750919,0.5987979,2.1048644,-0.06495476,0.553503,263
-1.1859112,-0.069457196,-0.2577519,-0.37992233,-0.66049135,-0.80662423,-0.4682071,-0.5065503,-0.016295651,-1.1672558,264
0.04834931,0.8295955,1.3115393,-0.43750796,1.8020606,-0.5441197,1.3957994,0.65625095,-0.5215837,-0.009851885,265
1.4201323,1.4255593,1.1021653,1.2397827,1.8929747,1.3668745,1.2234848,1.746746,1.1509042,-0.2116262,266
1.0564077,1.0314575,0.70831627,1.5358568,0.348387,1.5250878,0.8219408,0.62011194,1.1114395,-0.41320994,267
-1.7283046,-0.89421654,-0.29247233,-1.2487594,-0.38630888,-1.6762097,-0.39818698,-0.7178333,-1.1250767,-0.30835634,268
-0.14998439,-0.29386106,0.70537007,0.07869872,1.3806914,1.0929112,0.6109654,0.7154662,-0.402309,0.8435865,269
-0.7940375,-0.3186277,0.7711948,-0.95326996,1.8076879,-0.22214374,0.7382276,-0.065784544,0.3331072,0.7183539,270
-0.029856438,-0.18308377,0.03842712,-0.0027979023,0.48633662,0.4302378,0.07884962,0.95007783,-0.14454561,-0.32728973,271
0.7606726,0.45208552,0.49906564,1.3250136,-1.5147927,-0.2881453,0.53255224,0.2903248,0.28670588,0.07482363,272
1.5466788,0.7900945,1.0951785,1.7113315,0.41959625,1.0622252,0.9259781,1.0297273,-0.084949605,2.166934,273
1.0494202,1.3872524,1.16358,1.5944359,-0.689681,0.1924411,1.2939413,0.25811595,0.18813682,1.6399527,274
0.12753373,0.17118502,0.8711584,0.91352636,1.5548042,0.8762075,0.93978906,0.53389734,0.5065982,-0.3693632,275
1.1342095,1.0228566,1.4920998,1.05785,0.19636744,0.5975486,1.7426549,1.6101327,-0.108261004,1.4270241,276
0.7623742,0.65038174,-0.87787545,0.53821635,-0.822852,-1.0759726,-1.0840882,-0.2614198,0.41324064,0.51955664,277
-1.7807536,-1.6840519,-1.8819857,-1.0214249,-1.1081953,-0.7048465,-2.0212195,-1.5777091,-0.19205382,-1.4219719,278
1.3151026,0.752803,0.37693533,1.4855059,-0.4294887,1.0459397,0.25614,1.4974238,1.6664124,0.36029065,279
1.1530404,0.41036442,0.19921447,1.3632841,0.4812877,0.71163785,0.23733078,-0.039149046,1.9613787,0.39026836,280
-0.4249872,0.063130766,-2.1758122,-0.74262124,-0.13786432,0.062736675,-2.0450199,-1.2661227,1.4447147,-0.89075774,281
-0.10677787,0.13571684,-1.5418015,-0.21096832,-0.56060946,0.3168729,-1.7289726,-0.66685116,1.0636376,-1.4965484,282
-0.24776712,-0.30253303,0.00055793044,-0.17214613,0.05504225,0.41942763,0.15725853,-0.961298,-1.3452488,0.053617083,283
-0.9254382,-1.5708349,-0.32996592,-1.3934059,0.050091967,-1.3631939,-0.39723605,-1.3044336,-1.2044929,-0.011232515,284
0.48288798,0.45506653,-0.89794296,1.5839607,0.3064706,0.57619786,-0.77560884,0.4750931,0.46229947,-1.2529539,285
-1.2791561,-1.4467621,-1.5377072,-1.4106253,-1.4989413,-1.7572583,-1.5091759,-0.6305038,-1.7402363,-0.3631783,286
0.22716948,0.074797615,-2.1462522,0.5320892,-1.3910398,-0.20804629,-2.2231538,-0.84992945,1.5840085,-1.236612,287
1.8267913,2.1826198,0.5939227,2.2645478,2.2247136,1.3115163,0.37086186,1.2737762,1.5662718,0.8016821,288
-1.3750263,-0.79296535,-1.8268621,-0.9726581,0.23064762,-0.75032043,-1.8196524,-0.8401025,0.18915977,-1.2122622,289
-0.9864773,-1.447825,-0.5111187,-0.81492066,-0.2965048,-0.6602878,-0.35808808,-0.8441907,-0.3511474,0.51171803,290
-0.9770686,0.120104656,0.29742095,0.30512506,-0.8529034,-0.43615702,0.26853073,-0.5644207,-1.5031258,1.017317,291
0.9793757,0.11020732,0.18148369,-0.008677438,0.46870714,0.038854305,0.09110398,1.2745844,0.01367917,1.3107072,292
-0.69414276,-0.26961163,-0.16254644,-1.238277,0.050554775,-1.1356162,-0.30841535,-0.18707882,-0.72969913,0.28263354,293
0.9659032,0.7614116,-0.39969537,0.8466347,-0.02441476,0.9102821,-0.24209979,0.13936673,1.1887819,-0.3678741,294
-1.1284763,-0.54976046,-1.530843,-0.64673334,-1.0041744,-1.5879021,-1.4868232,-1.2607366,-0.75470096,-1.461245,295
-1.2927263,-1.2508633,-1.0037525,-1.6388017,-0.47537166,-0.21529365,-0.9907758,-1.7337674,-0.75256073,-0.024942528,296
-1.1046994,0.13928382,-1.201488,-0.35655582,0.13370155,-0.50300115,-1.2720252,-0.97218204,-0.36892638,-0.04865586,297
0.21116078,0.21768737,-1.2374202,-0.026521366,-0.36152655,0.09153131,-1.0138495,0.013676533,1.033041,-1.1469922,298
0.67127407,0.06297714,1.2094923,0.3301697,2.2698274,0.20243102,1.0274229,0.77165055,-0.8558856,0.49649242,299
-0.84290266,-1.4279486,-0.67746675,-1.659955,-0.94167966,-1.6782819,-0.58178055,-0.07913401,-0.9778646,-0.55428064,300
0.26676282,0.33841306,-1.6549495,0.39173114,-0.72417426,0.8184301,-1.8439707,-0.1953849,0.33438078,-1.3406287,301
0.9345177,1.0212231,1.3758478,0.09155548,1.9504416,0.70455384,1.501901,0.27471593,0.21893132,0.93903,302
-0.12686746,-0.58846194,0.74412507,-0.50435746,1.7550373,-0.08557118,0.7315523,0.15120998,-0.4181957,0.6047886,303
0.45263067,1.0902737,0.4978736,-0.09624631,0.14940548,1.1317466,0.56752855,0.7866958,0.7187591,0.6968627,304
0.431313,0.5060551,0.84884214,1.2105358,1.8860943,0.77150446,0.68637323,1.0002506,1.0647396,-0.9749578,305
0.4585162,-0.20271504,0.7523229,0.78010535,-1.4549601,0.02885227,0.61608404,0.13357301,-0.5493853,1.0249076,306
-0.4106415,-1.5341057,0.7177629,-0.79509264,1.4998952,-0.36262774,0.7394681,0.2803962,0.17571817,0.7703277,307
1.011695,1.6435035,0.81711024,0.32653922,-0.14523269,1.0405467,0.77914274,1.7609828,0.99618304,-0.47257945,308
0.060053423,1.0108256,1.3672862,-0.19258037,-0.9514066,-0.45606807,1.6512028,0.23639525,-0.7886416,1.6141393,309
0.038872186,0.5943903,-0.4600017,-0.0862485,-0.11503933,0.44315264,-0.2524156,0.6711012,0.052228313,-0.81103045,310
0.8984363,-0.24154246,0.7153911,0.8060421,-0.0964889,0.83012617,0.53712374,-0.25101003,0.045438446,-0.4216009,311
0.14210159,-0.85451984,-1.2088817,0.008498462,-0.58109605,0.114547424,-1.4095526,-1.0290056,-0.47893453,0.042883337,312
0.25525734,0.14448543,-1.0941772,0.043364022,-1.0288126,-0.54202837,-1.215909,-0.5527531,-0.71384174,-1.2264503,313
1.0503125,-0.35466772,-0.19568588,1.4390488,0.35728613,-0.41676632,-0.31549597,0.19734983,0.81966233,0.86260366,314
0.06028896,0.47937658,-1.131259,-0.25069183,-0.36438054,0.54382706,-0.70823866,1.0321236,1.5692941,-0.7168655,315
-1.330418,-0.99364895,-0.44806886,-0.941325,-0.91907805,-0.7935405,-0.4460133,-0.62036,-0.34503773,-1.053604,316
-1.2385974,-0.7035177,-2.118273,-1.0194801,-0.04832972,-1.3550748,-2.0929568,-1.5129565,-1.5600449,-1.1889648,317
-0.36501205,-0.71378314,-1.4798043,-0.6882632,-0.8792224,-0.78341573,-1.404605,-0.08074554,0.7552977,0.09530105,318
-0.2193558,0.03706647,0.031047147,0.68042797,-0.61204326,-0.3571634,0.228858,0.78416485,-0.27324098,-0.0744177,319
-0.6488306,-1.1118661,-0.23132505,-1.4082981,0.34916794,-1.0554692,-0.4151077,-0.30388084,-1.0855972,0.13283512,320
0.76986605,0.79289734,0.93396974,-0.1886288,1.0038352,0.120251775,0.8616421,0.3179814,-0.38567537,0.5377314,321
0.80072427,2.0755434,0.47293985,1.218608,0.08929296,1.105151,0.4253022,1.0950048,0.5180789,-0.60893685,322
0.38183475,1.061002,0.5404337,0.977901,-0.30846325,-0.018849153,0.55298775,0.73777825,0.94510055,1.7555492,323
1.250618,0.5134523,1.0065343,1.7012345,-1.2866344,0.36204815,1.0990268,1.0631758,0.3335732,1.7430791,324
-1.1043259,-1.8352187,0.0655851,-0.99434465,-0.3200001,-1.381606,0.08588276,-1.1031334,-1.2049242,0.2585937,325
-1.0429909,0.13145411,0.81499213,-1.0732843,-1.12368,-1.0396181,0.7844091,-0.61071026,-0.8933169,0.82771,326
-0.4606965,-0.32228306,1.1221254,0.029847905,-0.47531474,-1.077407,1.3539693,0.91661185,-0.5468137,-0.28423214,327
-0.6937387,-0.8039439,-0.13897465,-0.46751347,-0.09337817,-0.51700556,-0.37180296,0.14995542,0.12212856,-0.6378934,328
-0.04209429,1.0047351,0.67731744,0.35816944,1.9927613,2.104764,0.7005225,0.20138796,0.4875854,-0.117527425,329
0.11754144,0.06334341,0.06874862,-0.34550667,-0.7996012,0.46817568,-0.09323641,-0.26412952,-0.7966189,0.028478542,330
-0.60198337,-0.7390394,-0.79362106,-1.3651463,-0.30903712,-0.5193219,-0.62522095,-0.8174102,-0.43937284,-1.1647934,331
-1.0180088,-0.53575397,-0.9354839,-0.6226142,0.30263573,-0.6419555,-1.1732769,-1.0988088,-0.608888,0.121247284,332
-0.51977223,0.38338846,0.67314005,-0.7837706,2.1351602,-1.4755629,0.71360606,1.2872007,-0.6884946,-0.056523014,333
0.82163435,1.1775329,0.8314509,1.2370667,-0.10948151,0.39346746,0.7945898,0.37676242,0.76333386,0.11659715,334
-0.4097086,0.38984767,0.8857171,-0.4760238,2.0975845,-0.37603498,0.93049455,-0.15350671,-1.2679831,-0.83169746,335
-0.22457173,0.51898146,-1.277534,-0.50926083,-1.1765019,-0.40360093,-1.2371936,-0.73103243,0.9944128,-0.9583553,336
1.4817175,0.8286134,1.3611139,1.1167078,2.0802503,1.2254835,1.507515,1.5171343,0.8694785,1.930731,337
-1.5096533,-0.67871904,0.65177745,-0.8194932,-0.78062797,-0.98520654,0.57187635,-0.66337496,-0.31460926,0.25480425,338
-0.9691931,-0.2737957,-0.88415617,-0.7749989,0.4401146,-0.17759661,-0.8545039,-0.25114146,0.63557565,-1.0022258,339
0.884899,0.19135842,0.87979144,1.0393606,1.2626951,0.6820296,0.8919298,0.31070042,0.06049901,0.17383629,340
-0.112405166,-0.85565346,0.9199212,-0.53863883,1.7802044,0.1446558,0.9603989,-0.6196209,-0.5489119,0.18175007,341
-1.6558924,-1.0242682,-2.7226562,-0.7070913,-1.2321383,-1.2603017,-2.5943038,-1.7145417,-1.0727093,-1.7438947,342
1.6365067,-0.15323092,1.0193214,0.113138884,-0.6971607,1.107259,1.0044789,-0.08047182,-0.36984196,1.3418101,343
-0.6374972,-0.6957105,-1.0290236,-0.67617536,-1.012852,0.64886063,-0.95016664,-0.37313557,-0.6121766,-1.1500267,344
-0.30528754,-0.09156841,-0.09206466,-0.77723247,0.06820702,0.6959697,-0.15332098,-0.38964102,-0.59208304,-0.16132092,345
-1.1432182,-1.6565369,-1.8909506,-1.6965628,0.24993914,-2.0340583,-1.8275938,-1.7129792,-1.667559,-1.3861692,346
0.14835785,0.8111736,0.7413687,1.2083313,0.20782192,0.023566034,0.92445505,0.9700766,0.628356,-0.02354105,347
0.7377309,0.42690328,-0.07038738,-0.26651385,0.85080236,0.3762151,-0.05309765,1.2806154,-0.17810121,-1.086687,348
0.107597016,0.36774045,-1.616798,-0.44325382,-0.6245207,-0.27747482,-1.3709416,-0.6483225,1.7393305,-1.0983975,349
-0.010095409,-0.090268746,1.0832955,0.5226473,-1.2767794,0.8653655,1.1934707,1.123882,0.065268,1.4791154,350
0.457248,0.60671926,-0.081845395,0.20353898,-1.477296,-0.044522207,-0.40123534,0.727685,1.4822863,-1.1329384,351
0.30209106,0.47334215,0.78445774,0.62425506,0.46529478,0.57115924,0.965167,-0.52911407,0.8000591,1.0181812,352
0.57446,0.8051201,0.043445397,0.65408343,0.45177537,1.148967,-0.021065945,0.24217694,-0.29444626,1.5399013,353
-0.12765232,1.4229347,1.157036,1.3519555,1.4776719,-0.11513095,1.1097668,1.3132207,0.10343001,-1.0976474,354
0.54945046,-0.71986437,0.36871347,-0.19316454,-0.57292736,0.49580017,0.39243665,0.5498839,-0.72063637,1.1544712,355
0.49515563,0.029902637,-1.8811922,0.3386659,-1.5059295,0.57130575,-1.7691048,-0.49829438,1.388023,0.60490483,356
0.53655386,0.5499216,0.3625965,0.7316254,-0.5167587,0.33914962,0.28281862,0.449078,0.38521323,-0.13760003,357
-0.20617874,-0.16518515,0.5880392,-1.0716444,0.8129799,-0.41970766,0.55863005,-0.1644438,-0.015961941,0.035713803,358
0.37350303,0.08546904,-0.02236107,0.2702087,-0.20362158,-0.16323379,0.045931652,-0.11191781,-0.10172299,-0.41068152,359
0.8515254,0.8938913,0.6138567,0.80301887,1.4779229,0.9693618,0.5160535,0.5967667,0.59512514,1.1532835,360
0.8955084,0.51098627,0.5652987,0.85289425,-0.20234711,0.5129622,0.59321195,1.2710962,-0.35505792,1.2748007,361
-0.8871368,-1.4203614,0.47324657,-1.2962865,-0.5566818,-0.69978446,0.46092626,-0.27534452,-0.9221454,0.42506295,362
1.1684183,0.13201301,0.5924443,0.30154797,-0.39220175,0.8350117,0.60730326,0.3540937,-0.064323984,-1.141068,363
-0.6851206,0.905966,1.3453786,-0.2969932,1.454197,0.5240434,1.4216111,0.5910494,0.6583022,0.19928804,364
1.1338462,0.80564016,0.34315786,0.9001921,-0.17720045,0.5985123,0.29755858,-0.07407659,1.0146034,1.4402134,365
-0.54632753,-0.2345939,-0.15008114,-0.82001245,-0.6281293,-0.80885535,-0.098967545,-0.5443645,-0.2057154,-0.08570635,366
-0.93505585,-1.5097442,-1.4160062,-0.6333275,-0.3085415,-0.23423885,-1.520469,-1.4383411,-0.6562584,-0.8486752,367
0.8008328,0.45862967,-0.2269288,1.1824788,-0.57129,1.1613768,0.2688754,0.4956861,1.5347046,0.24741726,368
0.26397574,1.1085149,0.6063209,1.0753543,0.056080937,1.0800568,0.6607202,1.5698346,1.5916208,1.302364,369
-0.2264451,-1.5203606,-0.16910842,-0.40103287,0.4647309,-0.5652122,-0.3392485,-0.25336036,-0.571072,0.15033767,370
-1.6520046,-1.1288002,0.24109511,-0.9089716,-0.059105508,-1.5786649,0.11921575,-0.34828117,-0.44762346,-0.7753662,371
-0.8825876,-1.3189303,0.5240453,-0.6994997,0.44742426,-0.69548476,0.38682353,-1.1814101,-0.51379395,-0.9370589,372
0.98234695,0.18048471,-1.114988,0.99447364,-0.08511102,0.5072523,-1.0411168,-0.22318034,1.0346967,1.4992415,373
-0.009636946,0.11930845,0.7398957,0.63216144,-0.3671061,0.8941177,0.6279843,0.5866396,0.010837471,1.8705776,374
-0.60175055,-1.40809,-0.42258865,-1.278819,-0.6379598,-1.4412905,-0.48600742,-1.45515,-0.87588173,-1.4218988,375
1.21558,0.4791166,0.95976543,0.5946499,1.2491391,0.10167974,0.99046093,0.79232,-0.56780744,0.9249292,376
-0.3389015,-0.016854174,-0.03542079,-0.913461,-0.79262,-0.38701847,-0.16215865,-0.53985363,-0.30334237,-0.67127854,377
0.47021225,0.44573584,0.26275656,0.8093293,-0.52730894,1.1093178,-0.050454777,-0.33915803,1.1945031,-1.0395253,378
0.33419028,0.93105,-0.91442126,1.4022236,-0.79416037,0.64253277,-0.7492815,-0.026293501,1.9131564,-0.8796386,379
-1.5308592,-1.8185513,-1.9403769,-1.7060571,-0.19871147,-1.6414608,-1.941276,-1.6549561,-1.5972446,-1.2636741,380
-0.9672114,-1.1621687,-1.3823954,-1.341761,-0.8989423,-1.2657832,-1.3543297,-0.964773,-1.3074361,-0.8477339,381
-0.2166509,-0.4328738,-0.9430522,-0.26233572,-0.86114925,0.13452522,-0.86581355,-1.0300971,-1.1323644,0.11538782,382
1.3575025,1.0180689,0.68255365,0.9192283,-1.4984878,0.42549127,0.46541545,0.46420562,0.029188683,1.9847385,383
1.0387765,1.2547374,0.49101254,-0.31195006,2.057137,1.1211131,0.49277312,0.8236465,0.6517352,-1.0800898,384
0.4571717,1.1214224,1.1586791,0.6098232,-0.31122398,0.9794669,1.1487706,1.5768521,1.2454895,1.3226018,385
1.0043291,0.85298115,-0.9712743,1.3385823,-0.54790115,0.9401544,-1.039841,0.58225113,0.59026307,-0.9507534,386
-0.43892792,-0.9543095,0.17484209,-0.43397036,-0.5450944,-0.8127701,0.21609274,-0.65351164,0.4970758,0.34124246,387
-0.5038342,-0.21340567,1.164005,-0.5717457,1.9828435,-0.4836488,1.3010987,0.18723534,-0.4339912,-0.16459061,388
-0.43857622,-0.61243534,-0.80742306,-0.7336303,-0.20063888,0.64741474,-0.7143487,-0.55912364,0.060369857,-1.0338246,389
1.3633932,1.6269429,0.87434506,0.98675567,-0.35439634,1.134031,0.8019447,1.5094875,1.0320385,-1.0433197,390
1.1925384,1.0397477,0.5966216,-0.35638058,-0.9735522,1.7790388,0.4350737,1.6506022,1.1695969,-0.35554868,391
1.6489209,0.37425113,0.5692083,1.2799096,-0.79015267,1.0500088,0.7009574,0.84778833,0.726258,1.5824021,392
0.9974658,0.55536896,0.17064156,1.1880112,-0.4545944,0.99935085,0.023612462,1.1757438,0.8089224,-1.2367623,393
-1.5114211,-1.2010397,0.45408452,-1.083297,-0.9539665,0.22039032,0.44940692,-0.63901085,-0.3902957,0.21036503,394
0.24131483,1.0421194,0.8666237,0.43527606,0.8171921,1.5088835,0.84131277,0.42731974,1.0526922,0.48359153,395
-0.5624348,-0.87819797,-0.2718089,-0.77075183,-0.52729696,0.3012313,-0.2699298,-0.5650301,-0.03386099,0.1473513,396
-1.0327717,-0.9469338,-1.0529531,-0.88502645,-1.1187446,-1.3990663,-1.0767324,-0.6775803,-1.7756944,-1.2373066,397
-0.3138921,-0.040973008,-2.5605366,-1.1257826,-0.33647287,-1.0352064,-2.3382792,-1.5381595,-0.19198428,-0.8984363,398
-0.86104655,-0.826381,-0.44472077,-0.6179513,0.21797414,-0.2469144,-0.36861235,-0.29963446,-0.12233919,-1.7622348,399
-1.8045037,-1.6536399,-1.9676045,-1.5498806,-0.04825718,-1.9482578,-1.984176,-1.5298351,-0.7596989,-0.17742056,400
-0.9961289,-1.5918143,0.42173326,-0.31125632,2.0036652,-1.24618,0.28767857,-0.07278377,-2.283149,0.19744402,401
0.61956745,1.4106793,0.9024113,0.5269766,1.241972,-0.12768006,0.986829,2.0797403,0.059155136,0.30997306,402
1.7808586,1.3084282,0.837118,1.572874,1.4740951,1.6969476,0.62749475,0.9852389,1.0167823,2.294959,403
0.46567905,0.5394173,0.6075626,0.27542582,-0.31944138,-0.74764985,0.67995805,0.8776536,-0.3070584,-0.0155416,404
-0.062655926,0.66390544,0.5488185,0.7916813,-1.4525803,0.37614247,0.64520943,0.2593072,-0.6539312,-1.0166639,405
-0.076654576,0.1573477,0.3814174,1.0700109,-1.0844505,-0.054721106,0.33728653,-0.0011264337,0.014202983,-1.2499065,406
0.7008967,-0.14172572,0.02473277,0.5913827,-0.5903849,-0.07740818,0.02303721,0.07786321,-0.09768477,-1.0140212,407
0.1737475,-0.7276692,0.57026005,-0.37403268,1.6585087,-0.9589276,0.4901269,1.090483,-0.22581546,0.32346535,408
0.043032818,0.5008479,-1.0368711,-0.36835718,-0.58630985,1.0115314,-1.0619437,-0.18681143,0.031848304,-0.43102983,409
0.605607,-0.11813988,-0.10424162,0.19591124,-0.044082183,0.043704875,-0.02981831,-0.19600013,0.20064913,0.98676085,410
-1.6894135,-0.8346221,-0.19509104,-0.47546956,-0.63559866,-1.245624,-0.3720138,-1.082978,-0.966913,-0.11953118,411
1.9791948,1.3322371,0.77424353,1.6254952,-0.9393338,0.6642749,0.6779687,0.66904944,1.3280016,0.15560558,412
-1.2431802,-0.836663,-0.5456803,-1.3638893,-0.32903412,-0.4973742,-0.5177011,-0.89212567,-1.8396956,-1.2367675,413
-0.30509377,-0.5808446,0.97927344,0.3623792,-0.44074532,-0.7194895,1.0106809,-1.111807,-0.16720118,0.66305393,414
1.8700213,1.9523145,1.328849,1.8982756,-0.2963867,0.93018043,1.5892464,0.83558404,1.3928072,0.51534003,415
-0.6601727,-1.0888319,0.30641547,-0.56383324,1.2866596,-1.261984,0.15909398,-0.9892078,-0.82364434,0.4945478,416
1.0082285,0.51286995,-0.04729948,-0.37332594,1.9314251,0.41675213,-0.1876279,0.43730476,0.16328879,-0.7036102,417
0.76460207,0.59420234,-0.12868081,0.13315108,-0.5336989,0.27402583,-0.03308422,0.30191857,0.3700676,1.4715368,418
0.39471942,0.32524824,0.22548625,0.15185612,-0.68112653,-0.41837597,0.22291149,1.3247635,0.28052354,-0.717246,419
1.6269611,1.0531936,0.9945505,0.08776908,1.5784816,-0.34587497,1.0164429,1.1491514,-0.49830833,0.1706614,420
-1.0696058,-1.154114,-1.4546592,-0.6224042,0.22464497,-1.0927886,-1.3042543,-1.0749779,-0.31108204,-0.0721931,421
-0.93435264,-1.1576287,-0.11546003,-0.7268065,1.1834627,0.21802752,0.018021965,-0.44630823,-1.012734,0.59127975,422
-0.5670931,0.18282884,1.0193495,0.35013843,0.8043332,-0.1625993,0.8205004,1.6507633,-1.3531474,1.31522,423
-0.1139698,0.07104592,0.12053414,0.1843853,-1.0277001,-1.1937615,0.25510183,0.28798765,-0.2656716,1.5489583,424
-0.23583831,-0.5460545,0.15304387,0.13843344,-0.115768224,-0.16830759,0.15976156,-0.92068356,-0.6792195,-0.24868634,425
0.45283234,0.96014404,1.2607982,-0.014866501,1.7274547,0.213516,1.3018099,0.4429219,0.8964417,1.0038521,426
0.0209494,0.7357158,0.5345254,0.2697454,-0.8638707,0.26155823,0.61773,0.1508861,-0.5610366,-1.1449093,427
0.58742476,-0.31538692,-1.7076715,0.42244217,-0.37353727,0.29515693,-1.5261321,-0.77860624,1.9779748,-0.5431481,428
0.63046736,0.35500458,-2.3456442,-0.4502834,-0.5722549,0.09765953,-2.2247756,-0.5597832,2.0357053,-1.262267,429
0.7771491,0.8284502,1.2985948,1.2629007,0.4675253,0.37837428,1.1566924,1.1154075,1.3816432,2.1849725,430
-1.0853298,-0.9241828,-0.19097984,-0.7766405,-0.08375992,-0.20994236,-0.36290368,-1.3951073,-0.71050876,-0.5013609,431
0.3090081,-0.063234515,0.8228036,0.11358323,1.071665,0.71403,0.8421865,0.08077451,-0.5098978,-0.29538405,432
1.1779087,0.5281614,0.11935211,1.1538996,0.17077538,-0.07973009,0.1005391,0.32030743,0.86264825,0.6714098,433
-0.8326394,-0.5154522,-0.039125863,-0.09004042,0.08047365,0.07892043,-0.027845666,-0.3865525,-1.2649714,0.56399584,434
-0.1358905,0.54661363,1.0502328,-0.41742665,1.4470469,0.40469143,1.0375433,-0.080145665,-1.806515,0.4424873,435
0.817275,1.4319092,0.10486324,0.86434656,0.0640561,0.29063496,0.026251437,0.5197926,1.1552159,-0.9866147,436
-0.88885117,-0.9595481,0.22295807,-0.8016493,0.06439229,0.35795602,0.21037817,0.03644215,-0.42200905,-0.63906425,437
-0.9632068,-0.78314304,-1.5163343,-1.4850826,-1.1162003,-0.73253185,-1.2509773,-2.0901535,-1.301903,-0.845961,438
-0.21287017,-0.7133098,-1.0238785,-0.36131552,-0.4459542,-0.2296446,-1.1261693,-1.0023931,-0.008981312,-0.04728141,439
-0.043733176,-0.19739664,0.15715891,-0.21511373,-0.91352254,-0.43155915,-0.03554189,-0.35255548,0.16111606,-0.58958095,440
-1.3201853,-0.69029003,-1.6701682,-1.3372362,-0.25234547,-1.0283931,-1.4009387,-1.3257965,-0.37016776,-1.5206248,441
0.87050176,1.567291,1.0921242,1.007714,2.169184,0.3187845,0.96144915,1.1262822,-0.046966176,0.83754426,442
0.37149516,0.86757684,0.5813788,0.84120685,-0.40369064,0.60838974,0.55807734,0.9763321,0.41898063,1.7691327,443
-0.277977,-0.13297458,-0.031071607,0.0693774,-0.6659574,0.2601931,-0.008113637,0.54940975,0.11820174,-0.33819786,444
0.34100193,1.4502732,1.0340004,0.33947453,-0.23946027,-0.3444852,1.1030941,0.31519562,0.1901985,-1.314491,445
0.35093877,-0.24675624,0.656391,-0.5438017,0.08507201,-0.6817886,0.72722054,0.38806427,-1.4501386,0.7034261,446
0.52946395,-0.080381475,1.3358049,-0.7285166,0.80911857,0.48533624,1.4514112,0.62181693,0.18852021,-0.08521561,447
0.9534529,0.20860997,0.66745603,1.2718956,1.8272555,-0.5069744,0.69169694,1.3114123,0.078747004,0.94473934,448
0.66524285,0.47764006,0.91303915,0.89510524,0.9022043,-0.6260755,1.0018479,1.6911857,-0.2008806,1.1681525,449
0.10779373,0.67304623,-0.20966284,0.53510195,-1.0344636,-0.03056285,-0.10477191,1.0614167,-0.44130674,1.375689,450
-1.3187033,-1.1395332,-0.21151361,-1.3566772,-0.4889699,-1.0263628,-0.30490464,-1.2944793,-0.99710536,-0.8048118,451
0.17480583,0.7870154,-1.4820029,0.049371425,-0.7785372,0.07912175,-1.4402748,-0.28924233,-0.42208874,-0.88611037,452
1.5993795,1.2914315,0.81818724,1.3749115,-1.5166091,0.994274,0.84718525,1.3819056,0.8124512,0.94172823,453
1.3507549,0.37453714,0.38494974,0.39121804,0.30008215,1.8711699,0.32649577,1.4312316,0.1897085,-0.43194416,454
-1.8212926,-0.83878076,-1.1419816,-1.8449018,-0.17470616,-1.5246663,-1.3286138,-1.6383882,-0.6479679,-1.1766951,455
1.5369103,0.9965929,1.2377745,0.7984619,-0.5845872,0.15569124,1.1187445,0.5188558,0.45004946,1.9147018,456
-0.39878005,-0.06463372,0.32944256,-0.027738038,1.2307028,-0.57492286,0.14119849,-0.91165745,-1.1958655,0.6306089,457
-0.16119593,0.33132052,0.6760423,-0.27120972,0.48852742,0.050750684,0.818044,0.6342846,-0.16318573,0.46417335,458
-0.5589875,0.19588888,-0.19845578,0.053391952,-0.20566463,-0.41902694,-0.11352716,-0.025456982,0.84733623,0.05445433,459
-0.21366319,0.5862462,0.99569285,-0.13744318,1.3037752,-0.25425744,0.8723894,0.17943871,-0.21179943,1.4631002,460
1.159807,0.29703397,0.51863295,0.40545508,-1.2457633,0.33244252,0.41285375,0.9106833,0.54693305,1.651875,461
-1.0174581,-0.63454586,-1.5730368,0.0017979464,0.2825868,-0.5052009,-1.4696045,-0.2532344,0.15673308,-0.8466812,462
-1.2587795,-1.8170485,0.114071034,-0.87976813,0.32879755,-0.8009976,0.19533034,-0.17778839,0.06998141,0.7454579,463
-0.061072994,-0.22050862,-0.8012065,-0.57533854,-0.35206598,-0.29042006,-0.5960199,-0.84012634,0.03534715,-1.7664366,464
0.85451305,0.7336324,0.2893148,0.29821602,-0.13167794,-0.031803872,0.35500893,1.1963754,0.3914347,1.5249143,465
0.4340213,0.4437825,0.88311106,0.3064327,1.2056345,0.1969195,0.68559957,1.1112701,0.09326957,1.3177633,466
-0.032121025,-0.60449576,1.2132812,-0.57601315,-0.6459586,-0.043782685,1.4170094,1.3944156,-0.35145432,-0.21945155,467
-1.4742609,-1.5550792,-1.1435829,-0.95514786,-0.6552059,-1.2746022,-0.8426653,-1.1249751,-2.355934,-0.13747905,468
0.7100264,0.43344122,-0.38504532,1.1165744,0.16223946,0.43930906,-0.50662214,-0.015966786,0.13877755,-0.9978344,469
-0.11367093,-0.61618525,-1.3068717,0.14702427,-1.2751147,-0.20332578,-1.5544246,-0.4614822,-0.28751254,-1.4625739,470
0.7261639,0.43608817,-0.31542838,0.40422928,-1.0698994,-0.49858624,-0.36398655,0.07607678,0.77550125,-0.16633663,471
0.84541845,0.54358256,0.42448255,0.74691296,-0.7871905,-0.32237038,0.2785425,-0.33763468,0.0603892,1.6972648,472
0.11494112,0.46363044,-1.9339513,0.47129273,-0.19070305,-0.48972023,-1.8902014,-0.97558075,-0.15232186,-0.94329023,473
0.03400853,0.33097628,0.84142035,0.27016518,-0.3769609,-0.7561019,0.92863446,0.5512012,-0.4784842,-0.6114296,474
-0.2555067,0.35228196,0.35051912,0.16694604,-1.4976639,0.75837284,0.17062448,-0.85330683,-0.76711047,-0.5818495,475
-0.6514512,-0.18437019,-1.9794648,-1.0744028,-0.3972835,-0.99844986,-1.8530036,-1.376334,0.9513883,-0.84441346,476
-1.4018021,-0.63642764,0.56175977,-1.3666297,0.41366804,-0.3308222,0.60905,-1.0778378,-0.7327174,-0.53190464,477
0.5124494,-0.36303574,0.110652454,0.20831548,-0.6592521,-0.90941405,0.107149065,0.06832414,0.42813548,1.4734745,478
-1.308884,-0.2305397,-0.32275116,-0.46253163,-1.477941,0.032954685,-0.47499484,-0.7433501,0.12237051,-1.3057685,479
-1.1624413,-1.2785876,-1.3497273,-1.7502083,-0.78204244,-1.5001241,-1.4025835,-1.9859753,-1.2454684,0.020475365,480
0.84409714,1.2494214,1.0729141,0.89773864,1.6587183,1.3844007,1.0977336,0.80406463,0.8966283,0.8479244,481
-0.7890357,-1.400699,0.5585915,-0.123416364,1.4309349,-2.1674156,0.32961744,0.40638041,-1.5036153,0.18292372,482
1.1614596,1.286986,0.19261025,0.1871627,-0.69869167,0.65114903,0.43520725,0.060151607,1.9316072,0.23135033,483
1.0098919,0.23767889,0.42698163,0.9783229,-1.0872736,0.46724144,0.51249087,0.9767118,-0.14379176,0.22803159,484
-0.8720087,-0.39173093,-0.94116265,-1.0493087,-0.71447057,-0.27154222,-0.7917243,-0.32269913,-0.7020288,-1.6523582,485
0.9283434,1.2542175,0.9837545,1.4477047,-1.2164204,1.343034,1.0939794,0.33813977,0.9316285,0.29135963,486
0.6401055,0.11356094,0.78917897,-0.025921857,-0.7141766,0.3676809,0.6466003,1.1621627,0.04573706,0.044216886,487
-0.7927768,-1.4438008,-0.6706883,-1.3013114,0.19505727,-0.55633307,-0.6073934,-1.3573478,-1.2443613,-1.2641158,488
-1.1343212,-1.0448531,-0.09552744,0.0015701316,-0.79684585,0.17245933,-0.20877893,-0.53686434,-1.3392966,-1.3985701,489
0.32576823,-0.06620813,0.6144597,0.6652336,0.08782621,0.2700776,0.7625812,-0.503863,0.05713211,-0.08632466,490
1.5590883,0.94103646,0.2521499,1.2960523,-1.5155766,0.48220193,0.066319056,0.5704491,0.34046492,1.5426557,491
-0.32449648,-0.21031559,0.19441576,-0.8847461,1.5428421,0.3908527,0.14583582,-0.702859,-0.30033225,0.4187929,492
-0.08084791,-0.1590236,0.74571913,-0.59973395,-1.2835832,-0.75430405,0.4602268,0.23365101,-0.11361007,-0.32441387,493
1.0502168,0.6084551,-0.26004264,0.68549186,-0.44321,1.2957978,-0.11307163,0.20146108,0.4336895,0.44881058,494
0.18657723,-0.56137115,0.70994115,-0.82525474,1.8666084,0.009773636,0.7819963,0.14799865,-0.72274655,1.2128985,495
0.099942185,-0.8033213,1.1469806,-0.23411027,-0.23676375,-0.8752581,1.1866484,-0.17619056,-1.3672327,-0.37894174,496
-1.7658701,-1.0101426,-0.94865924,-1.8051475,-0.6346464,-2.1179852,-1.1110091,-1.773493,-1.1188604,-1.2594911,497
1.8445199,1.6474819,0.08420235,0.9808177,0.019258106,0.23978704,-0.09695034,0.80060166,0.02779175,0.353528,498
0.058666345,0.52561206,1.35733,-0.50582755,-0.87757283,0.009837061,1.4027543,0.4190496,-0.09037695,0.884251,499
-1.0071136,-1.6282219,-1.8271853,-1.6219764,-0.0112380525,-1.9168814,-2.091626,-1.7335336,-2.1571088,-0.13525155,500
